# Blender v2.79 (sub 0) OBJ File: 'reliantrocket.blend'
# www.blender.org
mtllib missile_shuttle.mtl
o Cube_Cube.001
v -0.870053 4.811956 -2.806597
v -0.762588 4.812339 -2.934670
v -0.726894 2.651187 -2.934670
v -0.834340 2.651187 -2.806597
v -0.849226 5.275094 -2.079899
v -0.741784 5.274987 -2.208751
v -0.554310 6.731026 -2.062034
v -0.642373 6.731828 -1.933109
v -0.823782 2.261103 -2.080623
v -0.716336 2.261103 -2.208697
v 0.753080 4.812194 -2.934670
v 0.866145 4.811769 -2.799914
v 0.834341 2.651187 -2.799914
v 0.721292 2.651187 -2.934670
v 0.734553 5.274927 -2.208751
v 0.847596 5.275031 -2.073176
v 0.647257 6.732106 -1.926383
v 0.554602 6.731228 -2.062034
v 0.710734 2.261103 -2.208697
v 0.823783 2.261103 -2.073941
v 0.866301 4.807864 -1.528560
v 0.670224 4.807281 -1.332439
v 0.638239 2.651187 -1.265989
v 0.834341 2.651187 -1.462092
v 0.847579 5.275456 -1.542679
v 0.651472 5.275620 -1.346580
v 0.486371 6.735446 -1.395848
v 0.647187 6.734230 -1.591909
v 0.823783 2.261103 -1.650968
v 0.627681 2.261103 -1.454865
v -0.683115 4.807411 -1.332439
v -0.870230 4.808003 -1.519577
v -0.834340 2.651187 -1.453110
v -0.647200 2.651187 -1.265989
v -0.662059 5.275674 -1.346580
v -0.849207 5.275532 -1.533697
v -0.642291 6.734052 -1.582929
v -0.488815 6.735268 -1.395848
v -0.636642 2.261103 -1.454865
v -0.823782 2.261103 -1.641986
v -0.906121 3.204888 -1.787498
v -0.583103 3.204888 -1.787498
v 0.583103 3.204888 -1.787498
v 0.906121 3.204888 -1.787498
v 0.583103 3.012404 -1.735922
v 0.906121 3.012404 -1.735922
v 0.583103 2.871496 -1.595014
v 0.906121 2.871496 -1.595014
v 0.583103 2.819920 -1.402530
v 0.906121 2.819920 -1.402530
v 0.583103 2.871496 -1.210046
v 0.906121 2.871496 -1.210046
v 0.583103 3.012404 -1.069138
v 0.906121 3.012404 -1.069138
v 0.583103 3.204888 -1.017562
v 0.906121 3.204888 -1.017562
v 0.583103 3.397372 -1.069138
v 0.906121 3.397372 -1.069138
v 0.583103 3.538280 -1.210046
v 0.906121 3.538280 -1.210046
v 0.583103 3.589856 -1.402530
v 0.906121 3.589856 -1.402530
v 0.583103 3.538280 -1.595014
v 0.906121 3.538280 -1.595014
v 0.583103 3.397372 -1.735922
v 0.906121 3.397372 -1.735922
v -0.583103 3.012404 -1.735922
v -0.906121 3.012404 -1.735922
v -0.583103 2.871496 -1.595014
v -0.906121 2.871496 -1.595014
v -0.583103 2.819920 -1.402530
v -0.906121 2.819920 -1.402530
v -0.583103 2.871496 -1.210046
v -0.906121 2.871496 -1.210046
v -0.583103 3.012404 -1.069138
v -0.906121 3.012404 -1.069138
v -0.583103 3.204888 -1.017562
v -0.906121 3.204888 -1.017562
v -0.583103 3.397372 -1.069138
v -0.906121 3.397372 -1.069138
v -0.583103 3.538280 -1.210046
v -0.906121 3.538280 -1.210046
v -0.583103 3.589856 -1.402530
v -0.906121 3.589856 -1.402530
v -0.583103 3.538280 -1.595014
v -0.906121 3.538280 -1.595014
v -0.583103 3.397372 -1.735922
v -0.906121 3.397372 -1.735922
v -0.153504 5.848840 -1.787498
v 0.169514 5.848840 -1.787498
v 0.169514 5.656356 -1.735922
v -0.153504 5.656356 -1.735922
v 0.169514 5.515449 -1.595014
v -0.153504 5.515449 -1.595014
v 0.169514 5.463872 -1.402530
v -0.153504 5.463872 -1.402530
v 0.169514 5.515449 -1.210046
v -0.153504 5.515449 -1.210046
v 0.169514 5.656356 -1.069138
v -0.153504 5.656356 -1.069138
v 0.169514 5.848840 -1.017562
v -0.153504 5.848840 -1.017562
v 0.169514 6.041325 -1.069138
v -0.153504 6.041325 -1.069138
v 0.169514 6.182232 -1.210046
v -0.153504 6.182232 -1.210046
v 0.169513 6.233809 -1.402530
v -0.153504 6.233809 -1.402530
v 0.169513 6.182232 -1.595014
v -0.153504 6.182232 -1.595014
v 0.169513 6.041325 -1.735922
v -0.153504 6.041325 -1.735922
v -0.576775 2.324865 -1.810221
v -0.676531 1.831652 -1.810221
v 0.676532 1.831652 -1.810221
v 0.576775 2.324865 -1.810221
v 0.639914 1.831652 -1.946880
v 0.553522 2.324865 -1.897002
v 0.539873 1.831652 -2.046922
v 0.489994 2.324865 -1.960530
v 0.403214 1.831652 -2.083539
v 0.403214 2.324865 -1.983783
v 0.266555 1.831652 -2.046922
v 0.316433 2.324865 -1.960530
v 0.166513 1.831652 -1.946881
v 0.252905 2.324865 -1.897002
v 0.129896 1.831652 -1.810222
v 0.229652 2.324865 -1.810221
v 0.166513 1.831652 -1.673563
v 0.252905 2.324865 -1.723441
v 0.266555 1.831652 -1.573521
v 0.316433 2.324865 -1.659913
v 0.403214 1.831652 -1.536903
v 0.403214 2.324865 -1.636660
v 0.539873 1.831652 -1.573521
v 0.489994 2.324865 -1.659913
v 0.639914 1.831652 -1.673562
v 0.553522 2.324865 -1.723441
v -0.639914 1.831652 -1.946880
v -0.553522 2.324865 -1.897002
v -0.539872 1.831652 -2.046922
v -0.489994 2.324865 -1.960530
v -0.403213 1.831652 -2.083539
v -0.403213 2.324865 -1.983783
v -0.266554 1.831652 -2.046922
v -0.316432 2.324865 -1.960530
v -0.166513 1.831652 -1.946881
v -0.252904 2.324865 -1.897002
v -0.129895 1.831652 -1.810222
v -0.229652 2.324865 -1.810221
v -0.166513 1.831652 -1.673563
v -0.252904 2.324865 -1.723441
v -0.266554 1.831652 -1.573521
v -0.316432 2.324865 -1.659913
v -0.403213 1.831652 -1.536903
v -0.403213 2.324865 -1.636660
v -0.539872 1.831652 -1.573521
v -0.489994 2.324865 -1.659912
v -0.639914 1.831652 -1.673562
v -0.553522 2.324865 -1.723440
v -0.631360 2.687894 -2.525497
v -0.686852 1.933611 -2.525497
v 0.697909 1.933611 -2.525497
v 0.632779 2.687894 -2.525497
v 0.657932 1.933611 -2.376300
v 0.601528 2.687894 -2.408865
v 0.548713 1.933611 -2.267081
v 0.516148 2.687894 -2.323485
v 0.399516 1.933611 -2.227104
v 0.399516 2.687894 -2.292234
v 0.250319 1.933611 -2.267081
v 0.282885 2.687894 -2.323485
v 0.141100 1.933611 -2.376300
v 0.197504 2.687894 -2.408865
v 0.101123 1.933611 -2.525497
v 0.166253 2.687894 -2.525497
v 0.141100 1.933611 -2.674694
v 0.197504 2.687894 -2.642129
v 0.250319 1.933611 -2.783913
v 0.282885 2.687894 -2.727509
v 0.399516 1.933611 -2.823890
v 0.399516 2.687894 -2.758760
v 0.548713 1.933611 -2.783913
v 0.516147 2.687894 -2.727509
v 0.657932 1.933611 -2.674694
v 0.601528 2.687894 -2.642129
v -0.648167 1.933611 -2.381119
v -0.600109 2.687894 -2.408865
v -0.542475 1.933611 -2.275427
v -0.514728 2.687894 -2.323485
v -0.398097 1.933611 -2.236742
v -0.398097 2.687894 -2.292234
v -0.253719 1.933611 -2.275427
v -0.281466 2.596478 -2.323485
v -0.148027 1.933611 -2.381119
v -0.196085 2.687894 -2.408865
v -0.109341 1.933611 -2.525497
v -0.164834 2.687894 -2.525497
v -0.148027 1.933611 -2.669875
v -0.196085 2.687894 -2.642129
v -0.253719 1.933611 -2.775567
v -0.281466 2.687894 -2.727509
v -0.398097 1.933611 -2.814253
v -0.398097 2.687894 -2.758760
v -0.542475 1.933611 -2.775567
v -0.514728 2.687894 -2.727509
v -0.648167 1.933611 -2.669875
v -0.600109 2.687894 -2.642129
v 0.089613 3.698407 -2.876063
v 0.013044 2.499694 -4.158116
v -0.089613 3.698407 -2.876063
v -0.013044 2.499694 -4.158116
v 0.089613 2.319884 -2.373788
v 0.013044 2.025249 -4.158116
v -0.089613 2.319884 -2.373788
v -0.013044 2.025249 -4.158116
v 1.375323 4.106375 -1.961023
v 1.375323 4.106375 -1.868532
v 0.791364 5.354087 -1.961023
v 0.791364 5.354087 -1.868532
v 1.375323 2.395221 -1.961023
v 1.375323 2.395221 -1.868532
v 0.791364 2.269143 -1.961023
v 0.791364 2.269143 -1.868532
v 3.097005 3.301739 -1.932381
v 3.097005 3.301739 -1.897174
v 3.097005 2.722378 -1.897174
v 3.097005 2.722378 -1.932381
v -1.375323 4.106375 -1.961023
v -1.375323 4.106375 -1.868532
v -0.791364 5.354087 -1.961023
v -0.791364 5.354087 -1.868532
v -1.375323 2.395221 -1.961023
v -1.375323 2.395221 -1.868532
v -0.791364 2.269143 -1.961023
v -0.791364 2.269143 -1.868532
v -3.097005 3.301739 -1.932381
v -3.097005 3.301739 -1.897174
v -3.097005 2.722377 -1.897174
v -3.097005 2.722377 -1.932381
vt 0.831980 0.195087
vt 0.754146 0.217183
vt 0.752916 0.195093
vt 0.830884 0.217181
vt 0.764267 0.286046
vt 0.875133 0.524325
vt 0.791974 0.709393
vt 0.791974 0.524325
vt 0.771015 0.524325
vt 0.688016 0.709083
vt 0.688016 0.524325
vt 0.979016 0.709142
vt 0.895841 0.524325
vt 0.979016 0.524325
vt 0.718061 0.985161
vt 0.709656 0.939388
vt 0.724318 0.921514
vt 0.875133 0.791522
vt 0.791974 0.791522
vt 0.937491 0.791522
vt 0.895841 0.910902
vt 0.895841 0.791522
vt 0.729136 0.709083
vt 0.771015 0.791522
vt 0.729136 0.791522
vt 0.771015 0.910902
vt 0.729136 0.910902
vt 0.875133 0.910902
vt 0.791974 0.910902
vt 0.843388 0.977126
vt 0.835027 0.935878
vt 0.849530 0.921375
vt 0.791974 0.443629
vt 0.875133 0.443629
vt 0.771015 0.443629
vt 0.875133 0.709393
vt 0.895841 0.709142
vt 0.895841 0.443629
vt 0.979016 0.443629
vt 0.771015 0.709083
vt 0.937491 0.709142
vt 0.666782 0.709083
vt 0.708489 0.709083
vt 0.708489 0.791522
vt 0.666782 0.443629
vt 0.666782 0.524325
vt 0.830111 0.093373
vt 0.755631 0.072937
vt 0.829494 0.072937
vt 0.999769 0.709142
vt 0.999769 0.524325
vt 0.958297 0.709142
vt 0.937491 0.910902
vt 0.958297 0.791522
vt 0.958297 0.910902
vt 0.999769 0.443629
vt 0.755014 0.093373
vt 0.853971 0.332554
vt 0.874690 0.288984
vt 0.874690 0.332554
vt 0.688804 0.278715
vt 0.729167 0.188205
vt 0.749287 0.233506
vt 0.771114 0.288940
vt 0.791879 0.332605
vt 0.771114 0.332605
vt 0.668641 0.233224
vt 0.728811 0.188210
vt 0.728776 0.278317
vt 0.853930 0.332863
vt 0.874676 0.289237
vt 0.874676 0.332863
vt 0.791879 0.288940
vt 0.812643 0.332605
vt 0.812532 0.332555
vt 0.833251 0.288984
vt 0.833252 0.332555
vt 0.895422 0.289237
vt 0.895422 0.332863
vt 0.812643 0.288940
vt 0.833407 0.332605
vt 0.791813 0.332555
vt 0.812532 0.288984
vt 0.916167 0.289237
vt 0.916167 0.332863
vt 0.833407 0.288940
vt 0.854172 0.332605
vt 0.771094 0.332555
vt 0.791813 0.288984
vt 0.667217 0.332863
vt 0.687963 0.289237
vt 0.687963 0.332863
vt 0.854172 0.288940
vt 0.874936 0.332605
vt 0.750375 0.332555
vt 0.771094 0.288984
vt 0.708709 0.289237
vt 0.708709 0.332863
vt 0.874936 0.288940
vt 0.895700 0.332605
vt 0.729655 0.332555
vt 0.750375 0.288984
vt 0.729455 0.289237
vt 0.729455 0.332863
vt 0.895700 0.288940
vt 0.916465 0.332605
vt 0.743488 0.259660
vt 0.674441 0.207631
vt 0.709069 0.181851
vt 0.750200 0.289237
vt 0.750200 0.332863
vt 0.667292 0.288940
vt 0.688057 0.332605
vt 0.667292 0.332605
vt 0.668591 0.233664
vt 0.748440 0.233935
vt 0.728387 0.278723
vt 0.770946 0.289237
vt 0.770946 0.332863
vt 0.688057 0.288940
vt 0.708821 0.332605
vt 0.812438 0.332863
vt 0.833184 0.289237
vt 0.833184 0.332863
vt 0.791692 0.289237
vt 0.791692 0.332863
vt 0.708821 0.288940
vt 0.729585 0.332605
vt 0.674296 0.259413
vt 0.709297 0.181240
vt 0.743982 0.259649
vt 0.812438 0.289237
vt 0.750350 0.288940
vt 0.750350 0.332605
vt 0.853971 0.288984
vt 0.853930 0.289237
vt 0.748896 0.233563
vt 0.669047 0.233795
vt 0.688932 0.188881
vt 0.895409 0.288984
vt 0.895409 0.332554
vt 0.688217 0.332554
vt 0.708936 0.288984
vt 0.708936 0.332555
vt 0.916128 0.288984
vt 0.916128 0.332554
vt 0.667498 0.332554
vt 0.688217 0.288984
vt 0.729655 0.288984
vt 0.884146 0.336859
vt 0.911040 0.441912
vt 0.911040 0.336859
vt 0.751403 0.442314
vt 0.723943 0.335858
vt 0.751403 0.335858
vt 0.886685 0.336578
vt 0.914096 0.440953
vt 0.914096 0.336578
vt 0.916164 0.442314
vt 0.888703 0.335858
vt 0.916164 0.335858
vt 0.723467 0.338033
vt 0.750762 0.440167
vt 0.750762 0.338033
vt 0.859273 0.336578
vt 0.886685 0.440953
vt 0.857252 0.336859
vt 0.884146 0.441912
vt 0.696173 0.338033
vt 0.723467 0.440167
vt 0.831861 0.336578
vt 0.859273 0.440953
vt 0.971084 0.442314
vt 0.943624 0.335858
vt 0.971084 0.335858
vt 0.668879 0.338033
vt 0.696173 0.440167
vt 0.804450 0.440953
vt 0.831861 0.440953
vt 0.830357 0.336859
vt 0.857252 0.441912
vt 0.969115 0.440167
vt 0.996409 0.338033
vt 0.969115 0.338033
vt 0.804450 0.336578
vt 0.777038 0.440953
vt 0.998544 0.442314
vt 0.998544 0.335858
vt 0.941821 0.440167
vt 0.941821 0.338033
vt 0.749626 0.336578
vt 0.777038 0.336578
vt 0.803463 0.441912
vt 0.830357 0.441912
vt 0.914527 0.440167
vt 0.914527 0.338033
vt 0.722215 0.336578
vt 0.749626 0.440953
vt 0.696482 0.335858
vt 0.669022 0.442314
vt 0.669022 0.335858
vt 0.887232 0.338033
vt 0.694803 0.336578
vt 0.722215 0.440953
vt 0.776569 0.336859
vt 0.803463 0.336859
vt 0.859938 0.338033
vt 0.887232 0.440167
vt 0.667392 0.336578
vt 0.694803 0.440953
vt 0.723943 0.442314
vt 0.832644 0.440167
vt 0.832644 0.338033
vt 0.996331 0.336578
vt 0.968919 0.440953
vt 0.996331 0.440953
vt 0.778056 0.440167
vt 0.805350 0.338033
vt 0.778056 0.338033
vt 0.805350 0.440167
vt 0.968919 0.336578
vt 0.941508 0.440953
vt 0.943624 0.442314
vt 0.749675 0.336859
vt 0.776569 0.441912
vt 0.941508 0.336578
vt 0.937935 0.441912
vt 0.937935 0.336859
vt 0.888703 0.442314
vt 0.861243 0.335858
vt 0.967884 0.441912
vt 0.967884 0.336859
vt 0.833783 0.442314
vt 0.833783 0.335858
vt 0.997834 0.336859
vt 0.997834 0.441912
vt 0.806323 0.335858
vt 0.695886 0.336859
vt 0.722780 0.441912
vt 0.722780 0.336859
vt 0.668992 0.336859
vt 0.695886 0.441912
vt 0.778863 0.442314
vt 0.778863 0.335858
vt 0.749675 0.441912
vt 0.495010 0.123735
vt 0.460518 0.099130
vt 0.460518 0.123735
vt 0.724032 0.174732
vt 0.748328 0.075761
vt 0.667858 0.092926
vt 0.505984 0.099130
vt 0.540481 0.123735
vt 0.540478 0.099130
vt 0.749111 0.074244
vt 0.724770 0.175342
vt 0.667123 0.092370
vt 0.495010 0.099130
vt 0.505980 0.123735
vt 0.459207 0.122585
vt 0.477427 0.100038
vt 0.477427 0.122585
vt 0.522918 0.123550
vt 0.540798 0.100148
vt 0.522918 0.100148
vt 0.533404 0.122585
vt 0.541306 0.100038
vt 0.541306 0.122585
vt 0.352681 0.062525
vt 0.431174 0.008962
vt 0.431147 0.110136
vt 0.457791 0.001519
vt 0.457335 0.123742
vt 0.543264 0.000662
vt 0.569237 0.106673
vt 0.543017 0.121595
vt 0.502563 0.122585
vt 0.510226 0.100038
vt 0.510226 0.122585
vt 0.569237 0.007937
vt 0.645825 0.060244
vt 0.533404 0.100038
vt 0.502563 0.100038
vt 0.460244 0.123550
vt 0.467995 0.100148
vt 0.460244 0.100148
vt 0.568680 0.009385
vt 0.644472 0.059923
vt 0.568680 0.104782
vt 0.542976 0.002357
vt 0.542433 0.123130
vt 0.458052 0.003584
vt 0.432043 0.109324
vt 0.432043 0.010840
vt 0.490734 0.123550
vt 0.498253 0.100148
vt 0.490734 0.100148
vt 0.355350 0.063014
vt 0.355350 0.029669
vt 0.467995 0.123550
vt 0.498253 0.123550
vt 0.821239 0.286054
vt 0.817484 0.921514
vt 0.832848 0.940246
vt 0.832855 0.972201
vt 0.824003 0.985161
vt 0.709648 0.972843
vt 0.943035 0.921375
vt 0.948929 0.977126
vt 0.956875 0.935214
vt 0.956875 0.967654
vt 0.835027 0.967160
vt 0.688016 0.443629
vt 0.708489 0.910902
vt 0.743869 0.259641
vt 0.729105 0.278761
vt 0.708950 0.285742
vt 0.674066 0.259561
vt 0.668684 0.233414
vt 0.674102 0.207279
vt 0.688866 0.188159
vt 0.709021 0.181177
vt 0.743905 0.207359
vt 0.708722 0.285274
vt 0.688674 0.278291
vt 0.674004 0.259239
vt 0.674024 0.207216
vt 0.688709 0.188184
vt 0.708763 0.181227
vt 0.743481 0.207261
vt 0.748844 0.233276
vt 0.743461 0.259285
vt 0.667217 0.289237
vt 0.916465 0.288940
vt 0.729018 0.188858
vt 0.743593 0.207865
vt 0.748890 0.233781
vt 0.728836 0.278568
vt 0.708860 0.285440
vt 0.688912 0.278433
vt 0.674336 0.259425
vt 0.669040 0.233510
vt 0.689093 0.188722
vt 0.708411 0.285594
vt 0.688463 0.278587
vt 0.673887 0.259579
vt 0.673992 0.207785
vt 0.688644 0.188877
vt 0.708620 0.182005
vt 0.728569 0.189012
vt 0.743144 0.208020
vt 0.743039 0.259814
vt 0.729585 0.288940
vt 0.729217 0.278704
vt 0.709086 0.285628
vt 0.688984 0.278567
vt 0.668958 0.233297
vt 0.674401 0.207218
vt 0.689166 0.188164
vt 0.729399 0.188301
vt 0.744087 0.207455
vt 0.749425 0.233571
vt 0.708882 0.181884
vt 0.728857 0.188765
vt 0.743503 0.207681
vt 0.743592 0.259476
vt 0.689087 0.278592
vt 0.729011 0.278476
vt 0.709061 0.285473
vt 0.674440 0.259676
vt 0.674351 0.207882
vt 0.667498 0.288984
vt 0.668879 0.440167
vt 0.996409 0.440167
vt 0.696482 0.442314
vt 0.859938 0.440167
vt 0.667392 0.440953
vt 0.861243 0.442314
vt 0.806323 0.442314
vt 0.668992 0.441912
vt 0.748042 0.174896
vt 0.749318 0.175377
vt 0.459207 0.100038
vt 0.540798 0.123550
vt 0.352690 0.028270
vt 0.645825 0.026814
vt 0.644472 0.027624
vt 0.457924 0.124603
usemtl missile_texture
s off
vn 0.128062 0.029794 0.991319
vn -0.166370 0.051701 0.984707
vn -0.211621 0.028800 0.976927
vn 0.143698 0.049118 0.988402
vn -0.076327 0.042682 0.996169
vn -0.041665 -0.000688 -0.999131
vn 0.067924 0.252263 -0.965272
vn 0.085994 -0.001265 -0.996295
vn 0.997252 -0.015675 -0.072401
vn 0.997290 -0.005190 0.073383
vn 0.976600 -0.026930 0.213373
vn -0.997566 -0.006205 0.069452
vn -0.997508 -0.017353 -0.068389
vn -0.978567 -0.027980 0.204019
vn -0.000183 0.999980 -0.006350
vn 0.007697 0.276526 -0.960976
vn -0.026792 0.574249 -0.818242
vn 0.025946 0.335193 -0.941792
vn -0.968508 0.124334 0.215714
vn -0.985271 0.148394 -0.084969
vn -0.976771 0.146025 -0.156830
vn 0.975512 0.144330 -0.165968
vn 0.966026 0.119656 0.229077
vn 0.985240 0.144620 -0.091579
vn 0.890000 0.131164 0.436687
vn 0.064421 0.331488 -0.941258
vn -0.091704 0.112108 -0.989456
vn 0.200436 0.124071 -0.971819
vn 0.028310 -0.945025 -0.325770
vn 0.000000 -1.000000 -0.000000
vn -0.020310 -0.880830 -0.472997
vn -0.028894 -0.982273 -0.185214
vn 0.988880 -0.136523 -0.058976
vn 0.995673 -0.039712 -0.084011
vn -0.159663 0.018629 -0.986996
vn -0.996036 -0.040047 -0.079430
vn -0.995494 0.036340 -0.087590
vn -0.066637 0.562956 -0.823796
vn -0.124643 0.169849 -0.977556
vn -0.898343 -0.138503 -0.416890
vn -0.980197 -0.190280 -0.054848
vn -0.989980 -0.129889 -0.055395
vn -0.945343 -0.162476 0.282716
vn 0.092459 0.010894 -0.995657
vn 0.100042 -0.025544 -0.994655
vn 0.994930 0.039269 -0.092583
vn 0.212982 0.742087 -0.635567
vn 0.893685 -0.140170 -0.426239
vn 0.234785 -0.777975 -0.582779
vn 0.207916 -0.430825 0.878157
vn 0.115691 -0.099289 0.988310
vn -0.114284 -0.435445 0.892932
vn -0.071270 -0.014816 0.997347
vn -0.896722 0.136061 0.421162
vn 0.000000 -0.907072 0.420975
vn 0.000000 -0.996035 0.088964
vn 0.000000 -0.996035 -0.088964
vn -1.000000 -0.000000 0.000000
vn 0.000000 0.000000 -1.000000
vn 0.000000 -0.420974 -0.907073
vn 1.000000 0.000001 -0.000001
vn 0.000000 0.866025 -0.500000
vn 0.000000 0.996035 -0.088962
vn 0.000000 0.996035 0.088962
vn 0.000000 -0.575061 -0.818110
vn 0.000000 -0.818110 -0.575061
vn 0.000000 -0.088962 0.996035
vn 0.000000 -0.420975 0.907072
vn 0.000000 -0.575063 0.818109
vn 0.000000 0.907073 0.420974
vn 0.000000 0.818110 0.575061
vn 0.000000 -0.907073 -0.420974
vn 0.000000 0.420973 0.907073
vn 0.000000 0.088962 0.996035
vn 0.000000 0.575061 0.818110
vn 0.000000 -0.818110 0.575061
vn 0.000000 0.907072 -0.420975
vn 0.000000 0.088962 -0.996035
vn 0.000000 0.500000 -0.866025
vn 0.000000 -0.088962 -0.996035
vn 0.000000 0.575061 -0.818110
vn 0.000000 0.420974 -0.907073
vn 0.000000 0.818111 -0.575060
vn 0.899478 0.073156 -0.430798
vn 0.992140 0.072992 -0.101636
vn 0.994370 0.073156 0.076655
vn 0.990934 0.085564 0.103578
vn 0.897803 0.085786 0.431961
vn 0.993501 0.085786 -0.074810
vn 0.878725 0.197849 -0.434394
vn 0.973658 0.196931 -0.114929
vn 0.978195 0.197849 0.063166
vn -0.990934 0.085564 -0.103578
vn -0.897803 0.085786 -0.431961
vn -0.993501 0.085786 0.074810
vn -0.878725 0.197848 0.434395
vn -0.980153 0.198244 -0.000000
vn 0.543801 0.197849 -0.815559
vn 0.785750 0.196931 -0.586358
vn 0.563570 0.073156 -0.822823
vn 0.808400 0.072992 -0.584090
vn -0.543800 0.197847 0.815560
vn -0.785747 0.196930 0.586362
vn 0.000000 0.198244 -0.980153
vn 0.387298 0.196931 -0.900677
vn -0.585167 0.085564 0.806386
vn -0.822991 0.085786 0.561539
vn -0.431961 0.085786 0.897803
vn 0.000002 0.198244 0.980153
vn -0.387297 0.196930 0.900677
vn -0.387297 0.196930 -0.900677
vn 0.000000 0.073372 -0.997305
vn 0.408049 0.072992 -0.910037
vn 0.387299 0.196931 0.900676
vn 0.543803 0.197848 0.815558
vn -0.543798 0.197849 -0.815561
vn -0.848837 0.198245 -0.490077
vn 0.000000 0.086027 0.996293
vn 0.785750 0.196930 0.586358
vn 0.878726 0.197848 0.434393
vn -0.978195 0.197848 -0.063166
vn -0.498651 0.073372 -0.863692
vn 0.980153 0.198244 0.000000
vn -0.973658 0.196930 0.114926
vn 0.498145 0.086027 0.862816
vn -0.822822 0.073156 -0.563571
vn 0.490075 0.198244 -0.848838
vn 0.785750 0.196930 -0.586358
vn 0.806386 0.085564 0.585167
vn 0.114926 0.196930 -0.973658
vn -0.063166 0.197848 -0.978195
vn -0.785748 0.196931 -0.586360
vn -0.878725 0.197848 -0.434394
vn 0.848836 0.198245 0.490078
vn -0.909963 0.085564 0.405765
vn -0.994370 0.073155 -0.076655
vn -0.910037 0.072991 -0.408049
vn 0.902683 0.073112 0.424049
vn 0.817705 0.076384 0.570548
vn -0.806384 0.085564 -0.585169
vn -0.498145 0.086027 -0.862816
vn 0.498492 0.077548 0.863419
vn 0.498254 0.083425 0.863008
vn 0.000000 0.086027 -0.996293
vn 0.004026 0.075901 0.997107
vn 0.028742 0.073341 0.996893
vn 0.498145 0.086027 -0.862816
vn -0.563568 0.073156 0.822824
vn -0.808400 0.072992 0.584090
vn -0.899479 0.073155 0.430796
vn -0.408047 0.072992 0.910038
vn 0.862815 0.086027 -0.498146
vn -0.992141 0.072991 0.101633
vn 0.000000 0.713493 -0.700662
vn 0.000000 0.730450 -0.682967
vn -0.998957 -0.011946 -0.044071
vn -0.998878 -0.016213 -0.044498
vn 0.000000 -0.986640 0.162918
vn 0.998957 -0.011946 -0.044071
vn 0.998878 -0.016213 -0.044498
vn 0.000000 0.512581 -0.858639
vn 0.905712 0.423895 0.000000
vn 0.752345 0.658769 0.000000
vn 0.623056 0.782177 0.000000
vn -0.752345 0.658769 0.000000
vn -0.905712 0.423895 0.000000
vn -0.623056 0.782177 0.000000
vn 0.196571 -0.980490 0.000000
vn 0.211039 -0.977478 0.000000
vn 0.016634 0.000000 -0.999862
vn 0.013272 0.000000 -0.999912
vn 0.008528 0.000000 -0.999964
vn 0.000000 0.000000 1.000000
vn 0.008528 0.000000 0.999964
vn 0.013272 0.000000 0.999912
vn 0.016634 0.000000 0.999862
vn 0.186681 -0.982421 0.000000
vn 0.191514 -0.981490 0.000000
vn 0.423397 0.905944 0.000000
vn -0.211039 -0.977478 0.000000
vn -0.196570 -0.980490 0.000000
vn -0.013272 0.000000 -0.999912
vn -0.016634 0.000000 -0.999862
vn -0.008528 0.000000 -0.999964
vn -0.008528 0.000000 0.999964
vn -0.013272 0.000000 0.999912
vn -0.016634 0.000000 0.999862
vn -0.191514 -0.981490 0.000000
vn -0.186681 -0.982421 0.000000
vn -0.423397 0.905944 0.000000
vn 0.169887 0.052425 0.984068
vn -0.120134 0.236854 -0.964089
vn -0.000179 0.999980 -0.006350
vn -0.014161 0.281405 -0.959485
vn -0.351071 -0.888821 -0.294526
vn 0.354803 -0.886295 -0.297650
vn 0.040781 -0.880403 -0.472470
vn 0.939516 -0.169528 0.297606
vn -0.048857 -0.012549 -0.998727
vn -0.341270 0.652413 -0.676677
vn -0.125585 -0.834539 -0.536445
vn 0.078933 0.144155 -0.986402
vn 0.978394 -0.198346 -0.058351
vn -0.999081 0.000000 -0.042872
vn 0.999081 0.000000 -0.042872
vn -0.319983 0.024618 -0.947103
vn -0.058041 0.044633 -0.997316
vn 0.066814 0.024618 -0.997462
vn -0.667639 0.039342 -0.743445
vn -0.433959 0.051797 -0.899442
vn -0.905002 0.024647 -0.424692
vn -0.747179 0.048250 -0.662869
vn -0.998790 0.003823 -0.049025
vn -0.943973 0.048250 -0.326478
vn -0.945180 0.029903 0.325178
vn -0.997316 0.044633 0.058041
vn -0.737324 0.034184 0.674674
vn -0.899442 0.051797 0.433960
vn -0.410093 0.024662 0.911710
vn -0.664167 0.044633 0.746251
vn -0.029981 0.024662 0.999246
vn -0.329144 0.051797 0.942858
vn 0.354695 0.024662 0.934657
vn 0.059615 0.048250 0.997055
vn 0.678230 0.029935 0.734240
vn 0.436633 0.048250 0.898345
vn 0.904001 0.003823 0.427514
vn 0.747180 0.048250 0.662868
vn 0.997845 0.044940 0.047814
vn 0.943972 0.048250 0.326480
vn 0.945002 0.008281 -0.326960
vn 0.997316 0.044633 -0.058042
vn 0.752558 0.024618 -0.658066
vn 0.900296 0.048262 -0.432595
vn -0.808164 0.340612 -0.480473
vn 0.443440 0.024618 -0.895966
vn 0.666219 0.048262 -0.744193
vn 0.329144 0.051797 -0.942858
vn -0.077759 -0.100020 -0.991942
vn 0.000000 1.000000 0.000000
vn -0.134628 0.340612 0.930515
vn 0.000000 0.343742 -0.939064
vn 0.939064 0.343742 -0.000000
vn -0.664019 0.343742 0.664019
vn 0.808164 0.340612 0.480473
vn -0.939064 0.343742 0.000000
vn 0.231710 0.340612 0.911205
vn 0.808164 0.340612 -0.480473
vn -0.562776 0.340612 -0.753171
vn 0.562776 0.340612 0.753171
vn 0.562776 0.340612 -0.753171
vn 0.994955 -0.100324 0.000000
vn -0.919219 -0.100324 0.380752
vn 0.703540 -0.100324 0.703539
vn 0.307759 -0.100020 -0.946193
vn -0.946192 -0.100020 -0.307759
vn 0.307758 -0.100020 0.946193
vn 0.886679 -0.100020 -0.451439
vn -0.451441 -0.100020 -0.886678
vn -0.451439 -0.100020 0.886678
vn 0.646425 -0.100020 -0.756393
vn -0.756394 -0.100020 -0.646425
vn -0.077759 -0.100020 0.991942
vn -0.047506 0.304756 -0.951245
vn -0.407916 0.304756 -0.860656
vn 0.879829 0.305100 -0.364437
vn -0.860656 0.304756 0.407915
vn -0.673393 0.305101 0.673391
vn 0.879829 0.305100 0.364437
vn 0.320135 0.304756 -0.897016
vn -0.952320 0.305101 0.000000
vn 0.320135 0.304756 0.897016
vn 0.639040 0.304756 -0.706224
vn -0.673393 0.305100 -0.673391
vn -0.407915 0.304756 0.860656
vn 0.952320 0.305100 0.000000
vn 0.639040 0.304756 0.706224
vn -0.860656 0.304756 -0.407916
vn -0.047506 0.304756 0.951245
vn -0.359359 0.343742 0.867585
vn -0.359359 0.343742 -0.867585
vn -0.867581 0.343742 0.359368
vn 0.359362 0.343742 -0.867583
vn -0.703539 -0.100324 0.703539
vn 0.919219 -0.100324 0.380752
vn -0.994955 -0.100324 0.000000
vn 0.056726 0.051797 -0.997045
vn 0.319983 0.024618 -0.947103
vn -0.066814 0.024618 -0.997462
vn 0.436633 0.048250 -0.898345
vn 0.667639 0.039342 -0.743445
vn 0.747179 0.048250 -0.662869
vn 0.904001 0.003823 -0.427513
vn 0.943973 0.048250 -0.326478
vn 0.998488 0.039370 -0.038370
vn 0.997055 0.048250 0.059615
vn 0.934657 0.024662 0.354695
vn 0.898345 0.048250 0.436633
vn 0.727774 0.024662 0.685374
vn 0.662869 0.048250 0.747179
vn 0.410093 0.024662 0.911710
vn 0.326478 0.048250 0.943973
vn 0.029981 0.024662 0.999246
vn -0.059615 0.048250 0.997055
vn -0.354695 0.024662 0.934657
vn -0.436634 0.048250 0.898345
vn -0.685375 0.024662 0.727773
vn -0.747180 0.048250 0.662868
vn -0.907583 0.029935 0.418803
vn -0.943972 0.048250 0.326480
vn -0.998190 0.008281 0.059567
vn -0.997055 0.048250 -0.059616
vn -0.947103 0.024618 -0.319985
vn -0.898344 0.048250 -0.436634
vn -0.752558 0.024618 -0.658066
vn -0.662871 0.048250 -0.747178
vn -0.443440 0.024618 -0.895966
vn -0.328032 0.044633 -0.943612
vn 0.077759 -0.100020 -0.991942
vn 0.134628 0.340612 0.930515
vn 0.231710 0.340612 -0.911205
vn -0.911203 0.340612 -0.231715
vn 0.753171 0.340612 0.562776
vn -0.808164 0.340612 0.480473
vn 0.930515 0.340612 -0.134628
vn -0.231711 0.340612 0.911204
vn -0.753171 0.340612 -0.562776
vn 0.480471 0.340612 0.808165
vn -0.930515 0.340612 0.134630
vn 0.911205 0.340612 0.231710
vn -0.562777 0.340612 0.753170
vn -0.991942 -0.100020 -0.077760
vn 0.756394 -0.100020 0.646425
vn 0.946193 -0.100020 0.307759
vn -0.646425 -0.100020 0.756393
vn -0.307759 -0.100020 -0.946192
vn 0.991942 -0.100020 -0.077759
vn 0.919218 -0.100324 -0.380753
vn -0.307759 -0.100020 0.946192
vn 0.077759 -0.100020 0.991942
vn -0.886678 -0.100020 -0.451440
vn 0.451440 -0.100020 -0.886678
vn 0.451439 -0.100020 0.886679
vn -0.646425 -0.100020 -0.756393
vn 0.756394 -0.100020 -0.646425
vn 0.047506 0.304756 -0.951245
vn 0.706224 0.304756 0.639039
vn -0.320135 0.304756 -0.897016
vn -0.320135 0.304756 0.897016
vn 0.407916 0.304756 -0.860656
vn 0.407915 0.304756 0.860656
vn 0.897016 0.304756 0.320135
vn -0.639039 0.304756 0.706224
vn -0.639039 0.304756 -0.706224
vn 0.047506 0.304756 0.951245
vn 0.673392 0.305100 -0.673392
vn -0.060050 0.300112 -0.952012
vn 0.265550 0.299803 -0.916298
vn 0.386898 0.299060 -0.872280
vn 0.630711 0.300112 -0.715637
vn 0.816750 0.299060 -0.493440
vn 0.875667 0.299803 -0.378584
vn 0.952012 0.300113 -0.060052
vn 0.916298 0.299804 0.265548
vn 0.872280 0.299062 0.386898
vn 0.744926 0.299804 0.595989
vn 0.657822 0.299061 0.691255
vn 0.460149 0.299802 0.835692
vn 0.343220 0.299060 0.890373
vn 0.105317 0.299802 0.948170
vn -0.023641 0.299061 0.953941
vn -0.265550 0.299803 0.916298
vn -0.386898 0.299060 0.872280
vn -0.595987 0.299802 0.744928
vn -0.691254 0.299060 0.657823
vn -0.835693 0.299803 0.460148
vn -0.890374 0.299061 0.343216
vn -0.948170 0.299803 0.105317
vn -0.953941 0.299061 -0.023637
vn -0.916299 0.299803 -0.265547
vn -0.872280 0.299061 -0.386897
vn -0.744927 0.299803 -0.595989
vn -0.657822 0.299061 -0.691255
vn -0.419799 0.300112 -0.856564
vn 0.023820 0.274997 -0.961150
vn 0.267567 0.275690 -0.923257
vn -0.106115 0.275690 -0.955371
vn 0.389821 0.274997 -0.878872
vn 0.600513 0.275690 -0.750586
vn 0.696477 0.274997 -0.662795
vn 0.842039 0.275690 -0.463643
vn 0.897102 0.274997 -0.345809
vn 0.955371 0.275690 -0.106115
vn 0.961150 0.274997 0.023820
vn 0.923257 0.275690 0.267567
vn 0.878872 0.274997 0.389822
vn 0.721084 0.275979 0.635510
vn 0.422995 0.275979 0.863082
vn 0.106115 0.275690 0.955371
vn -0.023820 0.274997 0.961150
vn -0.267567 0.275690 0.923257
vn -0.389821 0.274997 0.878872
vn -0.600514 0.275690 0.750585
vn -0.696478 0.274997 0.662794
vn -0.863082 0.275979 0.422995
vn -0.959257 0.275979 0.060509
vn -0.923257 0.275690 -0.267567
vn -0.878872 0.274997 -0.389821
vn -0.750586 0.275690 -0.600513
vn -0.662794 0.274997 -0.696477
vn -0.463642 0.275690 -0.842040
vn -0.345809 0.274998 -0.897102
vn 0.023860 0.269152 -0.962802
vn 0.268029 0.269832 -0.924852
vn -0.106298 0.269832 -0.957022
vn 0.390492 0.269152 -0.880383
vn 0.601551 0.269832 -0.751882
vn 0.697675 0.269152 -0.663933
vn 0.843494 0.269832 -0.464444
vn 0.898644 0.269152 -0.346404
vn 0.957022 0.269832 -0.106298
vn 0.962802 0.269152 0.023860
vn 0.924852 0.269833 0.268028
vn 0.880383 0.269153 0.390490
vn 0.722332 0.270117 0.636610
vn 0.423727 0.270116 0.864576
vn 0.106300 0.269832 0.957022
vn -0.023860 0.269152 0.962802
vn -0.311728 0.270116 0.910968
vn -0.636611 0.270116 0.722332
vn -0.843493 0.269832 0.464445
vn -0.898644 0.269152 0.346405
vn -0.957022 0.269833 0.106300
vn -0.962802 0.269153 -0.023860
vn -0.910968 0.270118 -0.311728
vn -0.775573 0.269153 -0.571001
vn -0.691262 0.269833 -0.670334
vn -0.423726 0.270116 -0.864577
vn 0.058551 0.016902 -0.998141
vn 0.320722 0.000000 -0.947173
vn -0.066159 0.000000 -0.997809
vn 0.439150 0.009399 -0.898365
vn 0.658776 0.000000 -0.752339
vn 0.752339 0.000000 -0.658776
vn 0.896537 0.000000 -0.442968
vn 0.945765 0.009399 -0.324715
vn 0.997809 0.000000 -0.066159
vn 0.998141 0.016902 0.058551
vn 0.947173 0.000000 0.320722
vn 0.896637 0.013251 0.442569
vn 0.752339 0.000000 0.658776
vn 0.659021 0.013251 0.752008
vn 0.442968 0.000000 0.896537
vn 0.321075 0.013251 0.946961
vn 0.066159 0.000000 0.997809
vn -0.061931 0.009399 0.998036
vn -0.320722 0.000000 0.947173
vn -0.432551 0.013260 0.901512
vn -0.658775 0.000000 0.752340
vn -0.747194 0.016902 0.664391
vn -0.896538 0.000000 0.442968
vn -0.945765 0.009399 0.324714
vn -0.997809 0.000000 0.066159
vn -0.998141 0.016902 -0.058551
vn -0.947173 0.000000 -0.320722
vn -0.896637 0.013251 -0.442568
vn -0.752339 0.000000 -0.658777
vn 0.910862 0.235488 0.338934
vn -0.659020 0.013251 -0.752008
vn -0.442967 0.000000 -0.896538
vn -0.324714 0.009399 -0.945766
vn 0.373137 0.221970 -0.900832
vn 0.645687 0.407650 -0.645686
vn 0.688282 0.229212 -0.688281
vn -0.430397 0.223971 0.874412
vn -0.706032 0.244129 0.664770
vn -0.373137 0.221971 -0.900832
vn 0.699600 0.145332 -0.699599
vn 0.900832 0.221970 -0.373137
vn -0.019388 0.211160 0.977259
vn -0.922639 0.223970 -0.313966
vn 0.700660 0.224385 0.677293
vn -0.905600 0.197939 0.375112
vn 0.000000 0.229213 -0.973376
vn 0.973376 0.229213 0.000000
vn -0.732257 0.223971 -0.643146
vn 0.388138 0.224386 0.893868
vn -0.969304 0.244129 0.029178
vn 0.393696 0.438914 0.807686
vn 0.548900 0.629194 0.550294
vn 0.226258 0.652358 0.723351
vn -0.617498 0.439437 0.652374
vn 0.810846 0.479295 -0.335864
vn -0.843630 0.407650 0.349444
vn 0.907417 0.420047 0.012422
vn -0.892177 0.450219 -0.036369
vn 0.808562 0.468897 0.355475
vn -0.807686 0.438915 -0.393697
vn 0.669841 0.425951 0.608176
vn -0.595543 0.438914 -0.672817
vn -0.320381 0.468897 -0.823099
vn 0.036369 0.450219 0.892177
vn 0.000000 0.407650 -0.913138
vn 0.335864 0.479295 -0.810846
vn -0.320842 0.439437 0.839020
vn -0.705139 0.709066 -0.002313
vn -0.404354 0.909060 -0.100541
vn -0.722426 0.652478 -0.228852
vn -0.351499 0.652358 -0.671474
vn -0.002313 0.709066 0.705139
vn -0.000986 0.629194 -0.777248
vn 0.267369 0.715450 -0.645481
vn -0.228852 0.652478 0.722426
vn 0.550294 0.629194 -0.548900
vn -0.489264 0.647197 0.584600
vn 0.652348 0.709066 -0.267709
vn -0.715118 0.633139 0.296212
vn 0.759336 0.647197 -0.067411
vn 0.718544 0.657456 0.226817
vn -0.584598 0.647197 -0.489266
vn 0.056033 0.926022 0.373288
vn 0.318187 0.918407 0.235131
vn 0.199608 0.941910 -0.270116
vn -0.275990 0.920683 -0.275992
vn 0.219357 0.904981 0.364543
vn -0.102662 0.904981 -0.412879
vn 0.062629 0.906646 -0.417219
vn 0.147182 0.923077 -0.355340
vn -0.102661 0.904981 0.412880
vn -0.267449 0.925711 0.267451
vn 0.364543 0.904981 -0.219357
vn -0.385958 0.908558 0.159871
vn 0.416387 0.909187 0.000000
vn -0.417219 0.906646 0.062627
vn 0.385961 0.908558 0.159865
vn 0.707107 0.000000 -0.707107
vn -0.707107 0.000000 -0.707107
f 22/1/1 35/2/2 31/3/3
f 26/4/4 38/5/5 35/2/2
f 3/6/6 11/7/7 14/8/8
f 13/9/9 21/10/10 24/11/11
f 32/12/12 4/13/13 33/14/14
f 7/15/15 37/16/15 38/17/15
f 11/7/16 6/18/17 15/19/18
f 36/20/19 8/21/20 5/22/21
f 21/23/10 16/24/22 25/25/23
f 25/25/23 17/26/24 28/27/25
f 15/19/26 7/28/27 18/29/28
f 19/30/29 29/31/30 30/32/30
f 3/6/31 19/33/29 10/34/32
f 24/11/11 20/35/33 13/9/34
f 2/36/35 4/13/36 1/37/37
f 6/18/38 1/37/37 5/22/21
f 5/22/21 7/28/27 6/18/39
f 4/13/40 10/34/32 9/38/41
f 33/14/14 9/38/42 40/39/43
f 11/7/44 13/9/34 14/8/45
f 15/19/26 12/40/46 11/7/47
f 16/24/22 18/29/28 17/26/24
f 13/9/48 19/33/29 14/8/49
f 32/41/12 5/22/21 1/37/37
f 22/42/1 24/11/11 21/10/10
f 22/43/1 25/25/23 26/44/4
f 28/27/25 26/44/4 25/25/23
f 30/45/50 24/11/11 23/46/51
f 23/47/51 39/48/52 30/49/50
f 31/50/3 33/14/14 34/51/53
f 31/52/3 36/20/19 32/41/12
f 37/53/54 35/54/2 38/55/5
f 39/56/52 33/14/14 40/39/43
f 34/57/53 22/1/1 31/3/3
f 97/58/55 96/59/56 95/60/57
f 74/61/58 86/62/58 41/63/58
f 44/64/59 45/65/60 43/66/59
f 107/67/61 99/68/61 91/69/61
f 85/70/62 84/71/63 83/72/64
f 46/73/65 47/74/66 45/65/60
f 101/75/67 100/76/68 99/77/69
f 83/72/64 82/78/70 81/79/71
f 48/80/72 49/81/57 47/74/66
f 103/82/73 102/83/74 101/75/67
f 81/79/71 80/84/75 79/85/73
f 50/86/56 51/87/55 49/81/57
f 105/88/71 104/89/75 103/82/73
f 79/90/73 78/91/74 77/92/67
f 52/93/76 53/94/69 51/87/55
f 107/95/64 106/96/70 105/88/71
f 77/92/67 76/97/68 75/98/69
f 54/99/68 55/100/67 53/94/69
f 109/101/77 108/102/63 107/95/64
f 75/98/69 74/103/76 73/104/55
f 56/105/74 57/106/73 55/100/67
f 98/107/58 110/108/58 89/109/58
f 73/104/55 72/110/56 71/111/57
f 58/112/75 59/113/71 57/114/73
f 83/115/61 71/116/61 67/117/61
f 71/111/57 70/118/72 69/119/66
f 60/120/70 61/121/64 59/113/71
f 42/122/78 88/123/79 87/124/79
f 69/119/66 68/125/65 67/126/60
f 62/127/63 63/128/62 61/121/64
f 64/129/61 56/130/61 48/131/61
f 67/126/60 41/132/80 42/122/78
f 63/128/62 66/133/81 65/134/82
f 99/77/69 98/135/76 97/58/55
f 85/70/62 88/123/79 86/136/62
f 65/134/82 44/64/59 43/66/59
f 49/137/58 61/138/58 65/139/58
f 95/60/57 94/140/72 93/141/66
f 90/142/78 112/143/82 111/144/81
f 93/141/66 92/145/65 91/146/60
f 91/147/60 89/148/80 90/142/78
f 111/144/81 110/149/83 109/101/77
f 199/150/84 198/151/85 197/152/86
f 164/153/87 165/154/88 163/155/89
f 117/156/90 116/157/91 115/158/92
f 176/159/93 177/160/94 175/161/95
f 159/162/96 113/163/97 114/164/97
f 119/165/98 118/166/99 117/156/90
f 201/167/100 200/168/101 199/150/84
f 157/169/102 160/170/103 159/162/96
f 121/171/104 120/172/105 119/165/98
f 172/173/106 173/174/107 171/175/108
f 155/176/109 158/177/110 157/169/102
f 121/171/104 124/178/111 122/179/104
f 203/180/112 202/181/113 201/167/100
f 154/182/114 155/183/109 153/184/115
f 123/185/116 126/186/117 124/178/111
f 170/187/118 171/175/108 169/188/118
f 152/189/119 153/184/115 151/190/120
f 127/191/121 126/186/117 125/192/117
f 203/180/112 206/193/122 204/194/112
f 150/195/123 151/190/120 149/196/123
f 129/197/96 128/198/124 127/191/121
f 167/199/125 170/200/118 169/201/118
f 147/202/90 150/195/123 149/196/123
f 131/203/102 130/204/103 129/197/96
f 207/205/126 206/193/122 205/206/122
f 145/207/127 148/208/128 147/202/90
f 133/209/109 132/210/110 131/203/102
f 166/211/129 167/199/125 165/154/88
f 144/212/130 145/207/127 143/213/131
f 133/214/109 136/215/114 134/216/109
f 140/217/132 141/218/116 139/219/133
f 142/220/111 143/213/131 141/218/116
f 135/221/115 138/222/134 136/215/114
f 174/223/135 175/161/95 173/174/107
f 162/224/136 208/225/137 207/205/126
f 115/158/92 138/222/134 137/226/134
f 113/163/97 139/219/133 114/164/97
f 197/152/86 196/227/138 195/228/139
f 178/229/140 179/230/141 177/160/94
f 195/228/139 194/231/142 193/232/143
f 179/230/141 182/233/144 181/234/144
f 191/235/145 194/231/142 192/236/146
f 182/233/144 183/237/147 181/234/144
f 189/238/148 188/239/149 187/240/150
f 191/241/145 190/242/151 189/238/148
f 183/237/147 186/243/152 185/244/152
f 186/243/152 163/155/89 185/244/152
f 187/240/150 161/245/153 162/224/136
f 210/246/154 211/247/155 209/248/155
f 212/249/156 215/250/156 211/251/157
f 216/252/158 213/253/158 215/254/158
f 213/255/159 210/256/159 209/257/160
f 212/258/161 214/259/59 216/252/59
f 219/260/162 218/261/163 217/262/164
f 230/263/165 231/264/166 229/265/167
f 221/266/168 224/267/169 223/268/169
f 225/269/170 221/270/171 217/271/172
f 217/271/172 223/272/59 219/273/59
f 224/274/173 218/275/174 220/276/173
f 225/277/61 227/278/61 228/279/61
f 222/280/175 226/281/176 218/275/174
f 228/279/177 222/282/178 221/266/168
f 226/283/179 217/262/164 218/261/163
f 236/284/180 233/285/181 235/286/180
f 233/287/182 237/288/183 229/289/184
f 235/290/59 229/289/184 231/291/59
f 236/292/173 230/293/185 234/294/186
f 239/295/58 237/296/58 240/297/58
f 234/294/186 238/298/187 239/299/187
f 234/300/188 240/297/189 233/285/181
f 229/265/167 238/301/190 230/263/165
f 22/1/1 26/4/4 35/2/2
f 26/4/4 27/302/191 38/5/5
f 3/6/6 2/36/192 11/7/7
f 13/9/9 12/40/46 21/10/10
f 32/12/12 1/37/37 4/13/13
f 38/17/15 27/303/15 7/15/15
f 28/304/15 17/305/193 18/306/193
f 18/306/193 7/15/15 27/303/15
f 8/307/193 37/16/15 7/15/15
f 27/303/15 28/304/15 18/306/193
f 11/7/16 2/36/194 6/18/17
f 36/20/19 37/53/54 8/21/20
f 21/23/10 12/40/46 16/24/22
f 25/25/23 16/24/22 17/26/24
f 15/19/26 6/18/38 7/28/27
f 30/32/30 39/308/30 10/309/32
f 40/310/30 9/311/195 10/309/32
f 10/309/32 19/30/29 30/32/30
f 20/312/196 29/31/30 19/30/29
f 39/308/30 40/310/30 10/309/32
f 3/6/31 14/8/197 19/33/29
f 24/11/11 29/313/198 20/35/33
f 2/36/35 3/6/199 4/13/36
f 6/18/38 2/36/200 1/37/37
f 5/22/21 8/21/20 7/28/27
f 4/13/40 3/6/201 10/34/32
f 33/14/14 4/13/36 9/38/42
f 11/7/44 12/40/46 13/9/34
f 15/19/26 16/24/22 12/40/46
f 16/24/22 15/19/202 18/29/28
f 13/9/48 20/35/203 19/33/29
f 32/41/12 36/20/19 5/22/21
f 22/42/1 23/46/51 24/11/11
f 22/43/1 21/23/10 25/25/23
f 28/27/25 27/314/191 26/44/4
f 30/45/50 29/313/198 24/11/11
f 23/47/51 34/57/53 39/48/52
f 31/50/3 32/12/12 33/14/14
f 31/52/3 35/54/2 36/20/19
f 37/53/54 36/20/19 35/54/2
f 39/56/52 34/51/53 33/14/14
f 34/57/53 23/47/51 22/1/1
f 97/58/55 98/135/76 96/59/56
f 41/63/58 68/315/58 70/316/58
f 70/316/58 72/317/58 74/61/58
f 74/61/58 76/318/58 78/319/58
f 78/319/58 80/320/58 82/321/58
f 82/321/58 84/322/58 86/62/58
f 86/62/58 88/323/58 41/63/58
f 41/63/58 70/316/58 74/61/58
f 74/61/58 78/319/58 82/321/58
f 82/321/58 86/62/58 74/61/58
f 44/64/59 46/73/65 45/65/60
f 91/69/61 90/324/61 111/325/61
f 111/325/61 109/326/61 91/69/61
f 107/67/61 105/327/61 99/68/61
f 103/328/61 101/329/61 99/68/61
f 99/68/61 97/330/61 95/331/61
f 95/331/61 93/332/61 91/69/61
f 91/69/61 109/326/61 107/67/61
f 105/327/61 103/328/61 99/68/61
f 99/68/61 95/331/61 91/69/61
f 85/70/62 86/136/62 84/71/63
f 46/73/65 48/80/72 47/74/66
f 101/75/67 102/83/74 100/76/68
f 83/72/64 84/71/63 82/78/70
f 48/80/72 50/86/56 49/81/57
f 103/82/73 104/89/75 102/83/74
f 81/79/71 82/78/70 80/84/75
f 50/86/56 52/93/76 51/87/55
f 105/88/71 106/96/70 104/89/75
f 79/90/73 80/333/75 78/91/74
f 52/93/76 54/99/68 53/94/69
f 107/95/64 108/102/63 106/96/70
f 77/92/67 78/91/74 76/97/68
f 54/99/68 56/105/74 55/100/67
f 109/101/77 110/149/83 108/102/63
f 75/98/69 76/97/68 74/103/76
f 56/105/74 58/334/75 57/106/73
f 89/109/58 92/335/58 94/336/58
f 94/336/58 96/337/58 98/107/58
f 98/107/58 100/338/58 102/339/58
f 102/339/58 104/340/58 106/341/58
f 106/341/58 108/342/58 110/108/58
f 110/108/58 112/343/58 89/109/58
f 89/109/58 94/336/58 98/107/58
f 98/107/58 102/339/58 106/341/58
f 106/341/58 110/108/58 98/107/58
f 73/104/55 74/103/76 72/110/56
f 58/112/75 60/120/70 59/113/71
f 67/117/61 42/344/61 83/115/61
f 87/345/61 85/346/61 83/115/61
f 83/115/61 81/347/61 79/348/61
f 79/348/61 77/349/61 83/115/61
f 75/350/61 73/351/61 71/116/61
f 71/116/61 69/352/61 67/117/61
f 42/344/61 87/345/61 83/115/61
f 83/115/61 77/349/61 75/350/61
f 75/350/61 71/116/61 83/115/61
f 71/111/57 72/110/56 70/118/72
f 60/120/70 62/127/63 61/121/64
f 42/122/78 41/132/80 88/123/79
f 69/119/66 70/118/72 68/125/65
f 62/127/63 64/353/62 63/128/62
f 48/131/61 46/354/61 44/355/61
f 44/355/61 66/356/61 64/129/61
f 64/129/61 62/357/61 56/130/61
f 60/358/61 58/359/61 56/130/61
f 56/130/61 54/360/61 52/361/61
f 52/361/61 50/362/61 48/131/61
f 48/131/61 44/355/61 64/129/61
f 62/357/61 60/358/61 56/130/61
f 56/130/61 52/361/61 48/131/61
f 67/126/60 68/125/65 41/132/80
f 63/128/62 64/353/62 66/133/81
f 99/77/69 100/76/68 98/135/76
f 85/70/62 87/124/79 88/123/79
f 65/134/82 66/133/81 44/64/59
f 65/139/58 43/363/58 49/137/58
f 45/364/58 47/365/58 49/137/58
f 49/137/58 51/366/58 57/367/58
f 53/368/58 55/369/58 57/367/58
f 57/367/58 59/370/58 61/138/58
f 61/138/58 63/371/58 65/139/58
f 43/363/58 45/364/58 49/137/58
f 51/366/58 53/368/58 57/367/58
f 57/367/58 61/138/58 49/137/58
f 95/60/57 96/59/56 94/140/72
f 90/142/78 89/148/80 112/143/82
f 93/141/66 94/140/72 92/145/65
f 91/147/60 92/372/65 89/148/80
f 111/144/81 112/143/82 110/149/83
f 199/150/84 200/168/101 198/151/85
f 164/153/87 166/211/129 165/154/88
f 117/156/90 118/166/99 116/157/91
f 176/159/93 178/229/140 177/160/94
f 159/162/96 160/170/103 113/163/97
f 119/165/98 120/172/105 118/166/99
f 201/167/100 202/181/113 200/168/101
f 157/169/102 158/177/110 160/170/103
f 121/171/104 122/179/104 120/172/105
f 172/173/106 174/223/135 173/174/107
f 155/176/109 156/373/109 158/177/110
f 121/171/104 123/185/116 124/178/111
f 203/180/112 204/194/112 202/181/113
f 154/182/114 156/374/109 155/183/109
f 123/185/116 125/192/117 126/186/117
f 170/187/118 172/173/106 171/175/108
f 152/189/119 154/182/114 153/184/115
f 127/191/121 128/198/124 126/186/117
f 203/180/112 205/206/122 206/193/122
f 150/195/123 152/189/119 151/190/120
f 129/197/96 130/204/103 128/198/124
f 167/199/125 168/375/125 170/200/118
f 147/202/90 148/208/128 150/195/123
f 131/203/102 132/210/110 130/204/103
f 207/205/126 208/225/137 206/193/122
f 145/207/127 146/376/127 148/208/128
f 133/209/109 134/377/109 132/210/110
f 166/211/129 168/375/125 167/199/125
f 144/212/130 146/376/127 145/207/127
f 133/214/109 135/221/115 136/215/114
f 140/217/132 142/220/111 141/218/116
f 142/220/111 144/212/130 143/213/131
f 135/221/115 137/226/134 138/222/134
f 174/223/135 176/159/93 175/161/95
f 162/224/136 161/245/153 208/225/137
f 115/158/92 116/157/91 138/222/134
f 113/163/97 140/217/132 139/219/133
f 197/152/86 198/151/85 196/227/138
f 178/229/140 180/378/141 179/230/141
f 195/228/139 196/227/138 194/231/142
f 179/230/141 180/378/141 182/233/144
f 191/235/145 193/232/143 194/231/142
f 182/233/144 184/379/147 183/237/147
f 189/238/148 190/242/151 188/239/149
f 191/241/145 192/380/146 190/242/151
f 183/237/147 184/379/147 186/243/152
f 186/243/152 164/153/87 163/155/89
f 187/240/150 188/239/149 161/245/153
f 210/246/154 212/258/161 211/247/155
f 212/249/156 216/381/204 215/250/156
f 216/252/158 214/259/158 213/253/158
f 213/255/159 214/382/205 210/256/159
f 212/258/161 210/246/154 214/259/59
f 219/260/162 220/383/162 218/261/163
f 230/263/165 232/384/166 231/264/166
f 221/266/168 222/282/178 224/267/169
f 225/269/170 228/385/170 221/270/171
f 217/271/172 221/270/171 223/272/59
f 224/274/173 222/280/175 218/275/174
f 225/277/61 226/283/61 227/278/61
f 222/280/175 227/386/176 226/281/176
f 228/279/177 227/278/177 222/282/178
f 226/283/179 225/277/179 217/262/164
f 236/284/180 234/300/188 233/285/181
f 233/287/182 240/387/183 237/288/183
f 235/290/59 233/287/182 229/289/184
f 236/292/173 232/388/173 230/293/185
f 239/295/58 238/301/58 237/296/58
f 234/294/186 230/293/185 238/298/187
f 234/300/188 239/295/189 240/297/189
f 229/265/167 237/296/190 238/301/190
o Cylinder.003
v -2.303228 1.437879 -0.640673
v -2.303228 8.098490 -0.640673
v -2.543129 1.437879 -0.592954
v -2.543129 8.098490 -0.592954
v -2.746508 1.437879 -0.457061
v -2.746508 8.098490 -0.457061
v -2.882401 1.437879 -0.253682
v -2.882401 8.098490 -0.253682
v -2.930120 1.437879 -0.013781
v -2.930120 8.098490 -0.013781
v -2.882401 1.437879 0.226120
v -2.882401 8.098490 0.226120
v -2.746508 1.437879 0.429499
v -2.746508 8.098490 0.429499
v -2.543129 1.437879 0.565392
v -2.543129 8.098490 0.565392
v -2.303229 1.437879 0.613111
v -2.303229 8.098490 0.613111
v -2.063327 1.437879 0.565392
v -2.063327 8.098490 0.565392
v -1.859949 1.437879 0.429499
v -1.859949 8.098490 0.429499
v -1.724056 1.437879 0.226120
v -1.724056 8.098490 0.226120
v -1.676336 1.437879 -0.013781
v -1.676336 8.098490 -0.013781
v -1.724056 1.437879 -0.253682
v -1.724056 8.098490 -0.253682
v -1.859949 1.437879 -0.457061
v -1.859949 8.098490 -0.457061
v -2.063327 1.437879 -0.592954
v -2.063327 8.098490 -0.592954
v -2.348189 9.490125 -0.122326
v -2.303228 9.490125 -0.131269
v -2.386305 9.490125 -0.096858
v -2.411773 9.490125 -0.058742
v -2.420717 9.490125 -0.013781
v -2.411773 9.490125 0.031180
v -2.386305 9.490125 0.069296
v -2.348189 9.490125 0.094764
v -2.303228 9.490125 0.103707
v -2.258268 9.490125 0.094764
v -2.220152 9.490125 0.069296
v -2.194683 9.490125 0.031180
v -2.185740 9.490125 -0.013781
v -2.194683 9.490125 -0.058742
v -2.220152 9.490125 -0.096858
v -2.258268 9.490125 -0.122326
v -2.303229 0.000000 -0.495688
v -2.487646 0.000000 -0.459005
v -2.643988 0.000000 -0.354540
v -2.748452 0.000000 -0.198199
v -2.785135 0.000000 -0.013781
v -2.748452 0.000000 0.170637
v -2.643988 0.000000 0.326979
v -2.487646 0.000000 0.431443
v -2.303229 0.000000 0.468126
v -2.118811 0.000000 0.431443
v -1.962469 0.000000 0.326979
v -1.858005 0.000000 0.170637
v -1.821322 0.000000 -0.013781
v -1.858005 0.000000 -0.198199
v -1.962469 0.000000 -0.354541
v -2.118811 0.000000 -0.459005
v -2.303229 0.476213 -0.948768
v -2.661033 0.476213 -0.877596
v -2.964364 0.476213 -0.674916
v -3.167043 0.476213 -0.371585
v -3.238215 0.476213 -0.013781
v -3.167043 0.476213 0.344023
v -2.964364 0.476213 0.647355
v -2.661033 0.476213 0.850034
v -2.303229 0.476213 0.921206
v -1.945425 0.476213 0.850034
v -1.642093 0.476213 0.647355
v -1.439414 0.476213 0.344023
v -1.368242 0.476213 -0.013781
v -1.439414 0.476213 -0.371585
v -1.642093 0.476213 -0.674917
v -1.945425 0.476213 -0.877596
v -1.833057 6.277310 0.000000
v -1.144155 6.277310 0.000000
v -1.833057 6.057981 -0.000000
v -1.144155 6.057981 -0.000000
v -1.122535 2.633055 0.000000
v -1.842888 2.633055 0.000000
v -1.122535 2.837541 -0.000000
v -1.842888 2.837541 -0.000000
vt 0.645828 0.386978
vt 0.666634 0.865597
vt 0.666634 0.386978
vt 0.625023 0.386978
vt 0.645828 0.865597
vt 0.604217 0.386978
vt 0.625023 0.865597
vt 0.583412 0.386978
vt 0.604217 0.865597
vt 0.562606 0.388308
vt 0.583412 0.865597
vt 0.541801 0.386978
vt 0.562606 0.865597
vt 0.520995 0.386978
vt 0.541801 0.865597
vt 0.500190 0.386978
vt 0.520995 0.865597
vt 0.479384 0.386978
vt 0.500190 0.865597
vt 0.458579 0.386978
vt 0.479384 0.865597
vt 0.437773 0.386978
vt 0.458579 0.865597
vt 0.416968 0.386978
vt 0.437773 0.865597
vt 0.396162 0.386978
vt 0.416968 0.865597
vt 0.375357 0.386978
vt 0.396162 0.865597
vt 0.604217 0.958480
vt 0.354551 0.386978
vt 0.375357 0.865597
vt 0.333746 0.386978
vt 0.354551 0.865597
vt 0.334360 0.269078
vt 0.355157 0.125840
vt 0.334360 0.125840
vt 0.337826 0.993560
vt 0.342443 1.002525
vt 0.339581 1.005006
vt 0.500190 0.958480
vt 0.666634 0.958480
vt 0.416968 0.958480
vt 0.541801 0.958480
vt 0.437773 0.958480
vt 0.333746 0.958480
vt 0.333746 0.865597
vt 0.583412 0.958480
vt 0.479384 0.958480
vt 0.396162 0.958480
vt 0.625023 0.958480
vt 0.458579 0.958480
vt 0.375357 0.958480
vt 0.583924 0.269078
vt 0.604721 0.125840
vt 0.583924 0.125840
vt 0.438345 0.269078
vt 0.459142 0.125840
vt 0.438345 0.125840
vt 0.542330 0.269078
vt 0.563127 0.125840
vt 0.542330 0.125840
vt 0.646315 0.269078
vt 0.666094 0.125840
vt 0.646315 0.125840
vt 0.396751 0.269078
vt 0.417548 0.125840
vt 0.396751 0.125840
vt 0.500736 0.125840
vt 0.521533 0.269078
vt 0.521533 0.125840
vt 0.604721 0.269078
vt 0.625517 0.125840
vt 0.355157 0.269078
vt 0.375954 0.125840
vt 0.479939 0.269078
vt 0.479939 0.125840
vt 0.625517 0.269078
vt 0.375954 0.269078
vt 0.500736 0.269078
vt 0.355481 0.264787
vt 0.334762 0.390594
vt 0.355481 0.390594
vt 0.583390 0.264787
vt 0.604108 0.390594
vt 0.604108 0.264787
vt 0.459076 0.264787
vt 0.438357 0.390594
vt 0.459076 0.390594
vt 0.541952 0.264787
vt 0.562671 0.390594
vt 0.562671 0.264787
vt 0.666266 0.264787
vt 0.645547 0.390594
vt 0.666266 0.390594
vt 0.396919 0.264787
vt 0.417638 0.390594
vt 0.417638 0.264787
vt 0.500514 0.264787
vt 0.521233 0.390594
vt 0.521233 0.264787
vt 0.624828 0.264787
vt 0.624828 0.390594
vt 0.376200 0.264787
vt 0.376200 0.390594
vt 0.479795 0.390594
vt 0.479795 0.264787
vt 0.583390 0.390594
vt 0.438357 0.264787
vt 0.541952 0.390594
vt 0.645547 0.264787
vt 0.396919 0.390594
vt 0.500514 0.390594
vt 0.236241 0.213790
vt 0.219342 0.103574
vt 0.304300 0.081651
vt 0.163363 0.202677
vt 0.128162 0.177265
vt 0.163363 0.177264
vt 0.163289 0.227489
vt 0.128162 0.203797
vt 0.163289 0.203797
vt 0.337826 1.005006
vt 0.336205 1.004135
vt 0.334964 1.002525
vt 0.334292 1.000421
vt 0.334292 0.998145
vt 0.334964 0.996041
vt 0.336205 0.994431
vt 0.339581 0.993560
vt 0.341202 0.994431
vt 0.342443 0.996041
vt 0.343115 0.998145
vt 0.343115 1.000421
vt 0.341202 1.004135
vt 0.520995 0.958480
vt 0.645828 0.958480
vt 0.562606 0.959810
vt 0.354551 0.958480
vt 0.459142 0.269078
vt 0.563127 0.269078
vt 0.666094 0.269078
vt 0.417548 0.269078
vt 0.334762 0.264787
vt 0.321199 0.103574
vt 0.330345 0.132218
vt 0.330345 0.163223
vt 0.321199 0.191867
vt 0.304300 0.213790
vt 0.282220 0.225655
vt 0.258321 0.225655
vt 0.219342 0.191867
vt 0.210196 0.163222
vt 0.210196 0.132218
vt 0.236241 0.081651
vt 0.258321 0.069786
vt 0.282220 0.069786
vt 0.128162 0.202677
vt 0.128162 0.227489
usemtl missile_texture
s off
f 243/389/206 242/390/207 241/391/208
f 245/392/209 244/393/210 243/389/206
f 247/394/211 246/395/212 245/392/209
f 249/396/213 248/397/214 247/394/211
f 251/398/215 250/399/216 249/396/213
f 253/400/217 252/401/218 251/398/215
f 255/402/219 254/403/220 253/400/217
f 257/404/221 256/405/222 255/402/219
f 259/406/223 258/407/224 257/404/221
f 261/408/225 260/409/226 259/406/223
f 263/410/227 262/411/228 261/408/225
f 265/412/229 264/413/230 263/410/227
f 267/414/231 266/415/232 265/412/229
f 269/416/233 268/417/234 267/414/231
f 276/418/235 246/395/212 248/397/214
f 271/419/236 270/420/237 269/416/233
f 241/421/208 272/422/238 271/419/236
f 289/423/239 243/424/206 241/425/208
f 281/426/240 287/427/240 274/428/240
f 281/429/241 256/405/222 258/407/224
f 244/393/210 274/430/242 242/390/207
f 268/417/234 285/431/243 266/415/232
f 279/432/244 252/401/218 254/403/220
f 284/433/245 262/411/228 264/413/230
f 274/434/242 272/422/238 242/435/207
f 277/436/246 248/397/214 250/399/216
f 282/437/247 258/407/224 260/409/226
f 270/420/237 286/438/248 268/417/234
f 275/439/249 244/393/210 246/395/212
f 256/405/222 279/432/244 254/403/220
f 285/431/243 264/413/230 266/415/232
f 252/401/218 277/436/246 250/399/216
f 283/440/250 260/409/226 262/411/228
f 272/422/238 287/441/251 270/420/237
f 301/442/252 267/443/231 265/444/229
f 294/445/253 253/446/217 251/447/215
f 299/448/254 263/449/227 261/450/225
f 304/451/255 241/452/208 271/453/236
f 292/454/256 249/455/213 247/456/211
f 257/457/221 298/458/257 259/459/223
f 302/460/258 269/461/233 267/443/231
f 290/462/259 245/463/209 243/424/206
f 253/446/217 296/464/260 255/465/219
f 263/449/227 301/442/252 265/444/229
f 249/455/213 294/445/253 251/447/215
f 259/459/223 299/448/254 261/450/225
f 303/466/261 271/453/236 269/461/233
f 291/467/262 247/456/211 245/463/209
f 255/465/219 297/468/263 257/457/221
f 243/469/206 305/470/264 306/471/265
f 265/472/229 318/473/266 267/474/231
f 253/475/217 310/476/267 311/477/268
f 261/478/225 316/479/269 263/480/227
f 241/481/208 320/482/270 305/483/264
f 247/484/211 309/485/271 249/486/213
f 257/487/221 314/488/272 259/489/223
f 269/490/233 318/473/266 319/491/273
f 245/492/209 306/471/265 307/493/274
f 253/475/217 312/494/275 255/495/219
f 265/472/229 316/479/269 317/496/276
f 251/497/215 309/485/271 310/476/267
f 259/489/223 315/498/277 261/478/225
f 271/499/236 319/491/273 320/482/270
f 245/492/209 308/500/278 247/484/211
f 255/495/219 313/501/279 257/487/221
f 253/502/240 261/503/240 269/504/240
f 322/505/173 323/506/173 324/507/173
f 327/508/173 326/509/173 325/510/173
f 243/389/206 244/393/210 242/390/207
f 245/392/209 246/395/212 244/393/210
f 247/394/211 248/397/214 246/395/212
f 249/396/213 250/399/216 248/397/214
f 251/398/215 252/401/218 250/399/216
f 253/400/217 254/403/220 252/401/218
f 255/402/219 256/405/222 254/403/220
f 257/404/221 258/407/224 256/405/222
f 259/406/223 260/409/226 258/407/224
f 261/408/225 262/411/228 260/409/226
f 263/410/227 264/413/230 262/411/228
f 265/412/229 266/415/232 264/413/230
f 267/414/231 268/417/234 266/415/232
f 269/416/233 270/420/237 268/417/234
f 276/418/235 275/439/249 246/395/212
f 271/419/236 272/422/238 270/420/237
f 241/421/208 242/435/207 272/422/238
f 289/423/239 290/462/259 243/424/206
f 274/428/240 273/511/240 275/512/240
f 275/512/240 276/513/240 277/514/240
f 277/514/240 278/515/240 279/516/240
f 279/516/240 280/517/240 281/426/240
f 281/426/240 282/518/240 283/519/240
f 283/519/240 284/520/240 285/521/240
f 285/521/240 286/522/240 287/427/240
f 287/427/240 288/523/240 274/428/240
f 274/428/240 275/512/240 281/426/240
f 277/514/240 279/516/240 281/426/240
f 281/426/240 283/519/240 285/521/240
f 285/521/240 287/427/240 281/426/240
f 275/512/240 277/514/240 281/426/240
f 281/429/241 280/524/280 256/405/222
f 244/393/210 273/525/281 274/430/242
f 268/417/234 286/438/248 285/431/243
f 279/432/244 278/526/282 252/401/218
f 284/433/245 283/440/250 262/411/228
f 274/434/242 288/527/283 272/422/238
f 277/436/246 276/418/235 248/397/214
f 282/437/247 281/429/241 258/407/224
f 270/420/237 287/441/251 286/438/248
f 275/439/249 273/525/281 244/393/210
f 256/405/222 280/524/280 279/432/244
f 285/431/243 284/433/245 264/413/230
f 252/401/218 278/526/282 277/436/246
f 283/440/250 282/437/247 260/409/226
f 272/422/238 288/527/283 287/441/251
f 301/442/252 302/460/258 267/443/231
f 294/445/253 295/528/284 253/446/217
f 299/448/254 300/529/285 263/449/227
f 304/451/255 289/530/239 241/452/208
f 292/454/256 293/531/286 249/455/213
f 257/457/221 297/468/263 298/458/257
f 302/460/258 303/466/261 269/461/233
f 290/462/259 291/467/262 245/463/209
f 253/446/217 295/528/284 296/464/260
f 263/449/227 300/529/285 301/442/252
f 249/455/213 293/531/286 294/445/253
f 259/459/223 298/458/257 299/448/254
f 303/466/261 304/451/255 271/453/236
f 291/467/262 292/454/256 247/456/211
f 255/465/219 296/464/260 297/468/263
f 243/469/206 241/532/208 305/470/264
f 265/472/229 317/496/276 318/473/266
f 253/475/217 251/497/215 310/476/267
f 261/478/225 315/498/277 316/479/269
f 241/481/208 271/499/236 320/482/270
f 247/484/211 308/500/278 309/485/271
f 257/487/221 313/501/279 314/488/272
f 269/490/233 267/474/231 318/473/266
f 245/492/209 243/469/206 306/471/265
f 253/475/217 311/477/268 312/494/275
f 265/472/229 263/480/227 316/479/269
f 251/497/215 249/486/213 309/485/271
f 259/489/223 314/488/272 315/498/277
f 271/499/236 269/490/233 319/491/273
f 245/492/209 307/493/274 308/500/278
f 255/495/219 312/494/275 313/501/279
f 269/504/240 271/533/240 241/534/240
f 241/534/240 243/535/240 269/504/240
f 245/536/240 247/537/240 249/538/240
f 249/538/240 251/539/240 253/502/240
f 253/502/240 255/540/240 261/503/240
f 257/541/240 259/542/240 261/503/240
f 261/503/240 263/543/240 265/544/240
f 265/544/240 267/545/240 261/503/240
f 269/504/240 243/535/240 245/536/240
f 245/536/240 249/538/240 269/504/240
f 255/540/240 257/541/240 261/503/240
f 261/503/240 267/545/240 269/504/240
f 269/504/240 249/538/240 253/502/240
f 322/505/173 321/546/173 323/506/173
f 327/508/173 328/547/173 326/509/173
o Cylinder.002
v 2.303228 1.437879 -0.640673
v 2.303228 8.098490 -0.640673
v 2.543129 1.437879 -0.592954
v 2.543129 8.098490 -0.592954
v 2.746508 1.437879 -0.457061
v 2.746508 8.098490 -0.457061
v 2.882401 1.437879 -0.253682
v 2.882401 8.098490 -0.253682
v 2.930120 1.437879 -0.013781
v 2.930120 8.098490 -0.013781
v 2.882401 1.437879 0.226120
v 2.882401 8.098490 0.226120
v 2.746508 1.437879 0.429499
v 2.746508 8.098490 0.429499
v 2.543129 1.437879 0.565392
v 2.543129 8.098490 0.565392
v 2.303228 1.437879 0.613111
v 2.303228 8.098490 0.613111
v 2.063327 1.437879 0.565392
v 2.063327 8.098490 0.565392
v 1.859949 1.437879 0.429499
v 1.859949 8.098490 0.429499
v 1.724056 1.437879 0.226120
v 1.724056 8.098490 0.226120
v 1.676336 1.437879 -0.013781
v 1.676336 8.098490 -0.013781
v 1.724056 1.437879 -0.253682
v 1.724056 8.098490 -0.253682
v 1.859949 1.437879 -0.457061
v 1.859949 8.098490 -0.457061
v 2.063327 1.437879 -0.592954
v 2.063327 8.098490 -0.592954
v 2.348189 9.490125 -0.122326
v 2.303228 9.490125 -0.131269
v 2.386305 9.490125 -0.096858
v 2.411773 9.490125 -0.058742
v 2.420716 9.490125 -0.013781
v 2.411773 9.490125 0.031180
v 2.386305 9.490125 0.069296
v 2.348189 9.490125 0.094764
v 2.303228 9.490125 0.103707
v 2.258267 9.490125 0.094764
v 2.220152 9.490125 0.069296
v 2.194683 9.490125 0.031180
v 2.185740 9.490125 -0.013781
v 2.194683 9.490125 -0.058742
v 2.220152 9.490125 -0.096858
v 2.258267 9.490125 -0.122326
v 2.303228 0.000000 -0.495688
v 2.487646 0.000000 -0.459005
v 2.643988 0.000000 -0.354540
v 2.748452 0.000000 -0.198199
v 2.785135 0.000000 -0.013781
v 2.748452 0.000000 0.170637
v 2.643988 0.000000 0.326979
v 2.487646 0.000000 0.431443
v 2.303228 0.000000 0.468126
v 2.118811 0.000000 0.431443
v 1.962469 0.000000 0.326979
v 1.858005 0.000000 0.170637
v 1.821321 0.000000 -0.013781
v 1.858005 0.000000 -0.198199
v 1.962469 0.000000 -0.354541
v 2.118811 0.000000 -0.459005
v 2.303228 0.476213 -0.948768
v 2.661032 0.476213 -0.877596
v 2.964364 0.476213 -0.674916
v 3.167043 0.476213 -0.371585
v 3.238215 0.476213 -0.013781
v 3.167043 0.476213 0.344023
v 2.964364 0.476213 0.647355
v 2.661032 0.476213 0.850034
v 2.303229 0.476213 0.921206
v 1.945425 0.476213 0.850034
v 1.642093 0.476213 0.647355
v 1.439413 0.476213 0.344023
v 1.368242 0.476213 -0.013781
v 1.439413 0.476213 -0.371585
v 1.642093 0.476213 -0.674917
v 1.945425 0.476213 -0.877596
v 1.833057 6.277310 0.000000
v 1.144155 6.277310 0.000000
v 1.833057 6.057981 -0.000000
v 1.144155 6.057981 -0.000000
v 1.122535 2.633055 0.000000
v 1.842888 2.633055 0.000000
v 1.122535 2.837541 -0.000000
v 1.842888 2.837541 -0.000000
vt 0.625656 0.865911
vt 0.646506 0.389395
vt 0.625656 0.389395
vt 0.646506 0.865911
vt 0.664346 0.389395
vt 0.333761 0.865911
vt 0.354611 0.389395
vt 0.333761 0.389395
vt 0.354611 0.865911
vt 0.375460 0.389395
vt 0.375460 0.865911
vt 0.396310 0.389395
vt 0.396310 0.865911
vt 0.417160 0.389395
vt 0.417160 0.865911
vt 0.438009 0.389395
vt 0.438009 0.865911
vt 0.458859 0.389395
vt 0.458859 0.865911
vt 0.479709 0.389395
vt 0.479709 0.865911
vt 0.500558 0.389395
vt 0.500558 0.865911
vt 0.521408 0.389395
vt 0.521408 0.865911
vt 0.542257 0.389395
vt 0.542257 0.865911
vt 0.563107 0.389395
vt 0.563107 0.865911
vt 0.583957 0.389395
vt 0.354611 0.957851
vt 0.583957 0.865911
vt 0.604806 0.389395
vt 0.604806 0.865911
vt 0.356059 0.129524
vt 0.376846 0.268212
vt 0.376846 0.129524
vt 0.337538 0.986687
vt 0.341478 0.987693
vt 0.342926 0.997039
vt 0.458859 0.957851
vt 0.646506 0.957851
vt 0.563107 0.957851
vt 0.417160 0.957851
vt 0.521408 0.957851
vt 0.604806 0.957851
vt 0.625656 0.957851
vt 0.375460 0.957851
vt 0.479709 0.957851
vt 0.583957 0.957851
vt 0.664346 0.957851
vt 0.664346 0.865911
vt 0.438009 0.957851
vt 0.542257 0.957851
vt 0.396310 0.957851
vt 0.500558 0.957851
vt 0.439207 0.129524
vt 0.459993 0.268212
vt 0.459993 0.129524
vt 0.605501 0.129524
vt 0.584714 0.268212
vt 0.605501 0.268212
vt 0.501567 0.129524
vt 0.480780 0.268212
vt 0.501567 0.268212
vt 0.397633 0.268212
vt 0.397633 0.129524
vt 0.647075 0.129524
vt 0.626288 0.268212
vt 0.647075 0.268212
vt 0.543141 0.129524
vt 0.522354 0.268212
vt 0.543141 0.268212
vt 0.418420 0.129524
vt 0.439207 0.268212
vt 0.335273 0.129524
vt 0.356059 0.268212
vt 0.584714 0.129524
vt 0.563927 0.268212
vt 0.480780 0.129524
vt 0.626288 0.129524
vt 0.522354 0.129524
vt 0.418420 0.268212
vt 0.665811 0.268212
vt 0.665811 0.129524
vt 0.563927 0.129524
vt 0.354959 0.265724
vt 0.375805 0.390101
vt 0.375805 0.265724
vt 0.438343 0.265724
vt 0.459190 0.390101
vt 0.459190 0.265724
vt 0.584266 0.390101
vt 0.605112 0.265724
vt 0.584266 0.265724
vt 0.480035 0.390101
vt 0.500882 0.265724
vt 0.480035 0.265724
vt 0.396651 0.390101
vt 0.396651 0.265724
vt 0.625958 0.265724
vt 0.646804 0.390101
vt 0.646804 0.265724
vt 0.521728 0.390101
vt 0.542574 0.265724
vt 0.521728 0.265724
vt 0.417497 0.265724
vt 0.438343 0.390101
vt 0.334113 0.265724
vt 0.354959 0.390101
vt 0.563420 0.390101
vt 0.563420 0.265724
vt 0.605112 0.390101
vt 0.500882 0.390101
vt 0.417497 0.390101
vt 0.666023 0.266252
vt 0.542574 0.390101
vt 0.322912 0.194267
vt 0.211354 0.164873
vt 0.220545 0.103664
vt 0.126451 0.202667
vt 0.165467 0.228616
vt 0.165467 0.202667
vt 0.126451 0.176613
vt 0.165467 0.202563
vt 0.165467 0.176613
vt 0.333761 0.957851
vt 0.341478 0.998897
vt 0.339586 0.999903
vt 0.337538 0.999903
vt 0.335646 0.998897
vt 0.334198 0.997039
vt 0.333414 0.994610
vt 0.333414 0.991981
vt 0.334198 0.989552
vt 0.335646 0.987693
vt 0.339586 0.986687
vt 0.342926 0.989552
vt 0.343710 0.991981
vt 0.343710 0.994610
vt 0.335273 0.268212
vt 0.625958 0.390101
vt 0.334113 0.390101
vt 0.666023 0.390629
vt 0.237529 0.081168
vt 0.259719 0.068992
vt 0.283738 0.068992
vt 0.305928 0.081168
vt 0.322912 0.103665
vt 0.332103 0.133058
vt 0.332103 0.164873
vt 0.305928 0.216764
vt 0.283738 0.228939
vt 0.259719 0.228939
vt 0.237529 0.216764
vt 0.220545 0.194267
vt 0.211354 0.133058
vt 0.126451 0.228616
vt 0.126451 0.202563
usemtl missile_texture
s off
f 330/548/287 331/549/288 329/550/289
f 332/551/290 333/552/291 331/549/288
f 334/553/292 335/554/293 333/555/291
f 336/556/294 337/557/295 335/554/293
f 338/558/296 339/559/297 337/557/295
f 340/560/298 341/561/299 339/559/297
f 342/562/300 343/563/301 341/561/299
f 344/564/302 345/565/303 343/563/301
f 346/566/304 347/567/305 345/565/303
f 348/568/306 349/569/307 347/567/305
f 350/570/308 351/571/309 349/569/307
f 352/572/310 353/573/311 351/571/309
f 354/574/312 355/575/313 353/573/311
f 356/576/314 357/577/315 355/575/313
f 334/553/292 364/578/248 336/556/294
f 358/579/316 359/580/317 357/577/315
f 360/581/318 329/550/289 359/580/317
f 331/582/288 377/583/319 329/584/289
f 369/585/240 367/586/240 363/587/240
f 344/564/302 369/588/320 346/566/304
f 330/548/287 361/589/321 332/551/290
f 354/574/312 374/590/322 356/576/314
f 340/560/298 367/591/323 342/562/300
f 350/570/308 372/592/324 352/572/310
f 330/548/287 376/593/281 362/594/242
f 336/556/294 365/595/325 338/558/296
f 346/566/304 370/596/326 348/568/306
f 356/576/314 375/597/327 358/579/316
f 332/551/290 363/598/251 334/599/292
f 342/562/300 368/600/328 344/564/302
f 352/572/310 373/601/329 354/574/312
f 338/558/296 366/602/330 340/560/298
f 348/568/306 371/603/331 350/570/308
f 358/579/316 376/593/281 360/581/318
f 355/604/313 389/605/332 353/606/311
f 339/607/297 383/608/333 382/609/334
f 349/610/307 388/611/253 387/612/335
f 329/584/289 392/613/336 359/614/317
f 335/615/293 381/616/337 380/617/338
f 345/618/303 386/619/339 385/620/340
f 357/621/315 390/622/341 355/604/313
f 333/623/291 378/624/342 331/582/288
f 341/625/299 384/626/343 383/608/333
f 353/606/311 388/611/253 351/627/309
f 337/628/295 382/609/334 381/616/337
f 347/629/305 387/612/335 386/619/339
f 359/614/317 391/630/344 357/621/315
f 335/615/293 379/631/345 333/632/291
f 343/633/301 385/620/340 384/626/343
f 331/634/288 393/635/346 329/636/289
f 355/637/313 405/638/271 353/639/311
f 399/640/347 339/641/297 341/642/299
f 404/643/267 349/644/307 351/645/309
f 329/636/289 408/646/348 359/647/317
f 337/648/295 396/649/266 335/650/293
f 402/651/349 345/652/303 347/653/305
f 357/654/315 406/655/278 355/637/313
f 333/656/291 394/657/350 331/634/288
f 400/658/351 341/642/299 343/659/301
f 405/638/271 351/645/309 353/639/311
f 398/660/352 337/648/295 339/641/297
f 403/661/353 347/653/305 349/644/307
f 359/647/317 407/662/354 357/654/315
f 396/649/266 333/663/291 335/650/293
f 401/664/355 343/659/301 345/652/303
f 341/665/30 353/666/30 357/667/30
f 411/668/173 410/669/173 412/670/173
f 414/671/173 415/672/173 413/673/173
f 330/548/287 332/551/290 331/549/288
f 332/551/290 334/599/292 333/552/291
f 334/553/292 336/556/294 335/554/293
f 336/556/294 338/558/296 337/557/295
f 338/558/296 340/560/298 339/559/297
f 340/560/298 342/562/300 341/561/299
f 342/562/300 344/564/302 343/563/301
f 344/564/302 346/566/304 345/565/303
f 346/566/304 348/568/306 347/567/305
f 348/568/306 350/570/308 349/569/307
f 350/570/308 352/572/310 351/571/309
f 352/572/310 354/574/312 353/573/311
f 354/574/312 356/576/314 355/575/313
f 356/576/314 358/579/316 357/577/315
f 334/553/292 363/674/251 364/578/248
f 358/579/316 360/581/318 359/580/317
f 360/581/318 330/548/287 329/550/289
f 331/582/288 378/624/342 377/583/319
f 363/587/240 361/675/240 362/676/240
f 362/676/240 376/677/240 375/678/240
f 375/678/240 374/679/240 373/680/240
f 373/680/240 372/681/240 371/682/240
f 371/682/240 370/683/240 369/585/240
f 369/585/240 368/684/240 367/586/240
f 367/586/240 366/685/240 365/686/240
f 365/686/240 364/687/240 363/587/240
f 363/587/240 362/676/240 375/678/240
f 375/678/240 373/680/240 363/587/240
f 371/682/240 369/585/240 363/587/240
f 367/586/240 365/686/240 363/587/240
f 363/587/240 373/680/240 371/682/240
f 344/564/302 368/600/328 369/588/320
f 330/548/287 362/594/242 361/589/321
f 354/574/312 373/601/329 374/590/322
f 340/560/298 366/602/330 367/591/323
f 350/570/308 371/603/331 372/592/324
f 330/548/287 360/581/318 376/593/281
f 336/556/294 364/578/248 365/595/325
f 346/566/304 369/588/320 370/596/326
f 356/576/314 374/590/322 375/597/327
f 332/551/290 361/589/321 363/598/251
f 342/562/300 367/591/323 368/600/328
f 352/572/310 372/592/324 373/601/329
f 338/558/296 365/595/325 366/602/330
f 348/568/306 370/596/326 371/603/331
f 358/579/316 375/597/327 376/593/281
f 355/604/313 390/622/341 389/605/332
f 339/607/297 341/625/299 383/608/333
f 349/610/307 351/627/309 388/611/253
f 329/584/289 377/583/319 392/613/336
f 335/615/293 337/628/295 381/616/337
f 345/618/303 347/629/305 386/619/339
f 357/621/315 391/630/344 390/622/341
f 333/623/291 379/688/345 378/624/342
f 341/625/299 343/633/301 384/626/343
f 353/606/311 389/605/332 388/611/253
f 337/628/295 339/607/297 382/609/334
f 347/629/305 349/610/307 387/612/335
f 359/614/317 392/613/336 391/630/344
f 335/615/293 380/617/338 379/631/345
f 343/633/301 345/618/303 385/620/340
f 331/634/288 394/657/350 393/635/346
f 355/637/313 406/655/278 405/638/271
f 399/640/347 398/660/352 339/641/297
f 404/643/267 403/661/353 349/644/307
f 329/636/289 393/635/346 408/646/348
f 337/648/295 397/689/276 396/649/266
f 402/651/349 401/664/355 345/652/303
f 357/654/315 407/662/354 406/655/278
f 333/656/291 395/690/356 394/657/350
f 400/658/351 399/640/347 341/642/299
f 405/638/271 404/643/267 351/645/309
f 398/660/352 397/689/276 337/648/295
f 403/661/353 402/651/349 347/653/305
f 359/647/317 408/646/348 407/662/354
f 396/649/266 395/691/356 333/663/291
f 401/664/355 400/658/351 343/659/301
f 357/667/30 359/692/30 329/693/30
f 329/693/30 331/694/30 333/695/30
f 333/695/30 335/696/30 341/665/30
f 337/697/30 339/698/30 341/665/30
f 341/665/30 343/699/30 345/700/30
f 345/700/30 347/701/30 341/665/30
f 349/702/30 351/703/30 353/666/30
f 353/666/30 355/704/30 357/667/30
f 357/667/30 329/693/30 333/695/30
f 335/696/30 337/697/30 341/665/30
f 341/665/30 347/701/30 349/702/30
f 349/702/30 353/666/30 341/665/30
f 357/667/30 333/695/30 341/665/30
f 411/668/173 409/705/173 410/669/173
f 414/671/173 416/706/173 415/672/173
o Cylinder.001
v -0.040718 1.711420 -1.298495
v -0.028288 2.338986 -1.101445
v 0.165765 1.711420 -1.270795
v 0.101841 2.338986 -1.083988
v 0.345930 1.711420 -1.166186
v 0.215384 2.338986 -1.018062
v 0.472349 1.711420 -1.000594
v 0.295055 2.338986 -0.913703
v 0.525775 1.711420 -0.799228
v 0.328725 2.338986 -0.786799
v 0.498076 1.711420 -0.592745
v 0.311268 2.338986 -0.656670
v 0.393467 1.711420 -0.412580
v 0.245342 2.338986 -0.543127
v 0.227874 1.711420 -0.286162
v 0.140983 2.338986 -0.463455
v 0.026509 1.711420 -0.232735
v 0.014079 2.338986 -0.429785
v -0.179974 1.711420 -0.260435
v -0.116050 2.338986 -0.447242
v -0.360139 1.711420 -0.365044
v -0.229593 2.338986 -0.513168
v -0.486558 1.711420 -0.530636
v -0.309264 2.338986 -0.617527
v -0.539984 1.711420 -0.732002
v -0.342934 2.338986 -0.744431
v -0.512285 1.711420 -0.938485
v -0.325478 2.338986 -0.874560
v -0.407676 1.711420 -1.118650
v -0.259551 2.338986 -0.988104
v -0.242083 1.711420 -1.245069
v -0.155192 2.338986 -1.067775
v -0.649166 1.713508 -0.114049
v -0.636737 2.401146 0.083001
v -0.442683 1.713508 -0.086349
v -0.506608 2.401146 0.100458
v -0.262518 1.713508 0.018260
v -0.393064 2.401146 0.166384
v -0.136099 1.713508 0.183852
v -0.313393 2.401146 0.270743
v -0.082673 1.713508 0.385218
v -0.279723 2.401146 0.397647
v -0.110373 1.713508 0.591701
v -0.297180 2.401146 0.527776
v -0.214982 1.713508 0.771866
v -0.363106 2.401146 0.641319
v -0.380574 1.713508 0.898285
v -0.467465 2.401146 0.720991
v -0.581939 1.713508 0.951711
v -0.594369 2.401146 0.754661
v -0.788422 1.713508 0.924011
v -0.724498 2.401146 0.737204
v -0.968588 1.713508 0.819402
v -0.838041 2.401146 0.671278
v -1.095006 1.713508 0.653810
v -0.917713 2.401146 0.566919
v -1.148433 1.713508 0.452444
v -0.951383 2.401146 0.440015
v -1.120733 1.713508 0.245961
v -0.933926 2.401146 0.309886
v -1.016124 1.713508 0.065796
v -0.868000 2.401146 0.196342
v -0.850532 1.713508 -0.060623
v -0.763640 2.401146 0.116671
v 0.628476 1.714069 -0.208273
v 0.640906 2.417848 -0.011223
v 0.834959 1.714069 -0.180573
v 0.771035 2.417848 0.006234
v 1.015124 1.714069 -0.075964
v 0.884578 2.417848 0.072160
v 1.141543 1.714069 0.089628
v 0.964249 2.417848 0.176519
v 1.194969 1.714069 0.290994
v 0.997919 2.417848 0.303423
v 1.167269 1.714069 0.497477
v 0.980462 2.417848 0.433552
v 1.062661 1.714069 0.677642
v 0.914536 2.417848 0.547095
v 0.897069 1.714069 0.804060
v 0.810177 2.417848 0.626767
v 0.695703 1.714069 0.857487
v 0.683273 2.417848 0.660437
v 0.489220 1.714069 0.829787
v 0.553144 2.417848 0.642980
v 0.309055 1.714069 0.725178
v 0.439601 2.417848 0.577054
v 0.182636 1.714069 0.559586
v 0.359930 2.417848 0.472695
v 0.129209 1.714069 0.358220
v 0.326260 2.417848 0.345791
v 0.156909 1.714069 0.151737
v 0.343717 2.417848 0.215662
v 0.261518 1.714069 -0.028428
v 0.409643 2.417848 0.102118
v 0.427111 1.714069 -0.154847
v 0.514002 2.417848 0.022447
vt 0.166518 0.066563
vt 0.143246 0.000946
vt 0.166518 0.000946
vt 0.143188 0.066563
vt 0.120294 0.000946
vt 0.097804 0.066563
vt 0.097976 0.000946
vt 0.076372 0.066563
vt 0.076597 0.000946
vt 0.056451 0.000946
vt 0.056176 0.066563
vt 0.037815 0.000946
vt 0.037493 0.066563
vt 0.020943 0.000946
vt 0.020579 0.066563
vt 0.006068 0.000946
vt 0.327369 0.066563
vt 0.312092 0.000946
vt 0.326968 0.000946
vt 0.312457 0.066563
vt 0.295221 0.000946
vt 0.295543 0.066563
vt 0.276584 0.000946
vt 0.276860 0.066563
vt 0.256439 0.000946
vt 0.256664 0.066563
vt 0.235060 0.000946
vt 0.235232 0.066563
vt 0.212742 0.000946
vt 0.212857 0.066563
vt 0.189789 0.000946
vt 0.297184 0.000969
vt 0.314921 0.067230
vt 0.297031 0.067230
vt 0.315094 0.000969
vt 0.331085 0.067230
vt 0.001069 0.000969
vt 0.017426 0.067230
vt 0.001261 0.067230
vt 0.017252 0.000969
vt 0.035315 0.067230
vt 0.035162 0.000969
vt 0.054721 0.067230
vt 0.054591 0.000969
vt 0.075420 0.067230
vt 0.097091 0.000969
vt 0.097171 0.067230
vt 0.119722 0.067230
vt 0.119668 0.000969
vt 0.142812 0.067230
vt 0.142785 0.000969
vt 0.166173 0.067230
vt 0.166173 0.000969
vt 0.189534 0.067230
vt 0.212678 0.000969
vt 0.212624 0.067230
vt 0.235175 0.067230
vt 0.235255 0.000969
vt 0.256926 0.067230
vt 0.257032 0.000969
vt 0.277625 0.067230
vt 0.277755 0.000969
vt 0.278682 0.065355
vt 0.257537 0.003012
vt 0.278202 0.003012
vt 0.257932 0.065355
vt 0.235870 0.003012
vt 0.236175 0.065355
vt 0.213441 0.003012
vt 0.213653 0.065355
vt 0.190500 0.003012
vt 0.190617 0.065355
vt 0.167302 0.003012
vt 0.167322 0.065355
vt 0.144103 0.003012
vt 0.120990 0.065355
vt 0.121162 0.003012
vt 0.098733 0.003012
vt 0.098468 0.065355
vt 0.077066 0.003012
vt 0.055961 0.065355
vt 0.056402 0.003012
vt 0.036969 0.003012
vt 0.036447 0.065355
vt 0.018984 0.003012
vt 0.018388 0.065355
vt 0.002646 0.003012
vt 0.331957 0.003012
vt 0.316256 0.065355
vt 0.315619 0.003012
vt 0.298196 0.065355
vt 0.297634 0.003012
vt 0.120179 0.066563
vt 0.005666 0.066563
vt 0.189847 0.066563
vt 0.331277 0.000969
vt 0.075314 0.000969
vt 0.189561 0.000969
vt 0.144027 0.065355
vt 0.076711 0.065355
vt 0.001982 0.065355
vt 0.332661 0.065355
usemtl missile_texture
s off
f 418/707/357 419/708/358 417/709/357
f 420/710/359 421/711/360 419/708/358
f 421/711/360 424/712/361 423/713/362
f 423/713/362 426/714/363 425/715/363
f 426/714/363 427/716/364 425/715/363
f 428/717/365 429/718/366 427/716/364
f 430/719/367 431/720/368 429/718/366
f 432/721/369 433/722/370 431/720/368
f 434/723/371 435/724/372 433/725/370
f 436/726/373 437/727/374 435/724/372
f 438/728/375 439/729/376 437/727/374
f 440/730/377 441/731/378 439/729/376
f 442/732/379 443/733/380 441/731/378
f 444/734/381 445/735/382 443/733/380
f 446/736/383 447/737/384 445/735/382
f 447/737/384 418/707/357 417/709/357
f 450/738/385 451/739/386 449/740/387
f 452/741/388 453/742/389 451/739/386
f 454/743/390 455/744/391 453/745/389
f 456/746/392 457/747/393 455/744/391
f 458/748/394 459/749/395 457/747/393
f 460/750/396 461/751/397 459/749/395
f 461/751/397 464/752/398 463/753/398
f 464/752/398 465/754/399 463/753/398
f 466/755/400 467/756/401 465/754/399
f 468/757/402 469/758/403 467/756/401
f 470/759/404 471/760/405 469/758/403
f 471/760/405 474/761/406 473/762/406
f 474/761/406 475/763/407 473/762/406
f 476/764/408 477/765/409 475/763/407
f 478/766/410 479/767/411 477/765/409
f 480/768/412 449/740/387 479/767/411
f 482/769/413 483/770/414 481/771/415
f 484/772/416 485/773/417 483/770/414
f 486/774/418 487/775/419 485/773/417
f 488/776/420 489/777/421 487/775/419
f 490/778/422 491/779/423 489/777/421
f 492/780/424 493/781/425 491/779/423
f 493/781/425 496/782/426 495/783/426
f 496/782/426 497/784/427 495/783/426
f 498/785/428 499/786/429 497/784/427
f 499/786/429 502/787/430 501/788/430
f 502/787/430 503/789/431 501/788/430
f 504/790/432 505/791/433 503/789/431
f 506/792/434 507/793/435 505/791/433
f 507/794/435 510/795/436 509/796/437
f 509/796/437 512/797/438 511/798/438
f 512/797/438 481/771/415 511/798/438
f 418/707/357 420/710/359 419/708/358
f 420/710/359 422/799/360 421/711/360
f 421/711/360 422/799/360 424/712/361
f 423/713/362 424/712/361 426/714/363
f 426/714/363 428/717/365 427/716/364
f 428/717/365 430/719/367 429/718/366
f 430/719/367 432/721/369 431/720/368
f 432/721/369 434/800/371 433/722/370
f 434/723/371 436/726/373 435/724/372
f 436/726/373 438/728/375 437/727/374
f 438/728/375 440/730/377 439/729/376
f 440/730/377 442/732/379 441/731/378
f 442/732/379 444/734/381 443/733/380
f 444/734/381 446/736/383 445/735/382
f 446/736/383 448/801/384 447/737/384
f 447/737/384 448/801/384 418/707/357
f 450/738/385 452/741/388 451/739/386
f 452/741/388 454/802/390 453/742/389
f 454/743/390 456/746/392 455/744/391
f 456/746/392 458/748/394 457/747/393
f 458/748/394 460/750/396 459/749/395
f 460/750/396 462/803/397 461/751/397
f 461/751/397 462/803/397 464/752/398
f 464/752/398 466/755/400 465/754/399
f 466/755/400 468/757/402 467/756/401
f 468/757/402 470/759/404 469/758/403
f 470/759/404 472/804/405 471/760/405
f 471/760/405 472/804/405 474/761/406
f 474/761/406 476/764/408 475/763/407
f 476/764/408 478/766/410 477/765/409
f 478/766/410 480/768/412 479/767/411
f 480/768/412 450/738/385 449/740/387
f 482/769/413 484/772/416 483/770/414
f 484/772/416 486/774/418 485/773/417
f 486/774/418 488/776/420 487/775/419
f 488/776/420 490/778/422 489/777/421
f 490/778/422 492/780/424 491/779/423
f 492/780/424 494/805/425 493/781/425
f 493/781/425 494/805/425 496/782/426
f 496/782/426 498/785/428 497/784/427
f 498/785/428 500/806/429 499/786/429
f 499/786/429 500/806/429 502/787/430
f 502/787/430 504/790/432 503/789/431
f 504/790/432 506/792/434 505/791/433
f 506/792/434 508/807/435 507/793/435
f 507/794/435 508/808/435 510/795/436
f 509/796/437 510/795/436 512/797/438
f 512/797/438 482/769/413 481/771/415
o Cylinder
v 0.000000 2.267201 -1.246447
v 0.000000 10.346149 -1.246447
v 0.476995 2.267201 -1.151567
v 0.476995 10.346149 -1.151567
v 0.881371 2.267201 -0.881371
v 0.881371 10.346149 -0.881371
v 1.151567 2.267201 -0.476995
v 1.151567 10.346149 -0.476995
v 1.246447 2.267201 0.000000
v 1.246447 10.346149 0.000000
v 1.151567 2.267201 0.476995
v 1.151567 10.346149 0.476995
v 0.881371 2.267201 0.881371
v 0.881371 10.346149 0.881371
v 0.476995 2.267201 1.151567
v 0.476995 10.346149 1.151567
v 0.000000 2.267201 1.246447
v 0.000000 10.346149 1.246447
v -0.476994 2.267201 1.151567
v -0.476994 10.346149 1.151567
v -0.881371 2.267201 0.881372
v -0.881371 10.346149 0.881372
v -1.151567 2.267201 0.476995
v -1.151567 10.346149 0.476995
v -1.246447 2.267201 -0.000000
v -1.246447 10.346149 -0.000000
v -1.151567 2.267201 -0.476995
v -1.151567 10.346149 -0.476995
v -0.881371 2.267201 -0.881372
v -0.881371 10.346149 -0.881372
v -0.476994 2.267201 -1.151567
v -0.476994 10.346149 -1.151567
v 0.881371 10.346149 -0.881371
v 0.430331 11.176278 -1.038910
v 0.000000 11.176278 -1.124508
v 0.795147 11.176278 -0.795147
v 1.038910 11.176278 -0.430330
v 1.124508 11.176278 0.000000
v 1.038910 11.176278 0.430331
v 0.795147 11.176278 0.795147
v 0.430331 11.176278 1.038910
v 0.000000 11.176278 1.124508
v -0.430330 11.176278 1.038910
v -0.795147 11.176278 0.795147
v -1.038910 11.176278 0.430331
v -1.124508 11.176278 -0.000000
v -1.038910 11.176278 -0.430331
v -0.795147 11.176278 -0.795147
v -0.430330 11.176278 -1.038910
v 0.340952 11.855805 -0.823130
v 0.000000 11.855805 -0.890950
v 0.629997 11.855805 -0.629997
v 0.823130 11.855805 -0.340952
v 0.890950 11.855805 0.000000
v 0.823130 11.855805 0.340952
v 0.629997 11.855805 0.629997
v 0.340952 11.855805 0.823130
v 0.000000 11.855805 0.890950
v -0.340951 11.855805 0.823130
v -0.629996 11.855805 0.629997
v -0.823130 11.855805 0.340952
v -0.890950 11.855805 -0.000000
v -0.823130 11.855805 -0.340952
v -0.629996 11.855805 -0.629997
v -0.340951 11.855805 -0.823130
v 0.167864 12.515267 -0.405258
v 0.000000 12.515267 -0.438649
v 0.310171 12.515267 -0.310171
v 0.405258 12.515267 -0.167864
v 0.438649 12.515267 0.000000
v 0.405258 12.515267 0.167864
v 0.310171 12.515267 0.310171
v 0.167864 12.515267 0.405258
v 0.000000 12.515267 0.438648
v -0.167863 12.515267 0.405258
v -0.310171 12.515267 0.310171
v -0.405258 12.515267 0.167864
v -0.438648 12.515267 -0.000000
v -0.405258 12.515267 -0.167864
v -0.310171 12.515267 -0.310171
v -0.167863 12.515267 -0.405258
v 0.027290 12.686666 -0.065883
v 0.000000 12.686666 -0.071311
v 0.050425 12.686666 -0.050425
v 0.065883 12.686666 -0.027290
v 0.071311 12.686666 -0.000000
v 0.065883 12.686666 0.027290
v 0.050425 12.686666 0.050425
v 0.027290 12.686666 0.065883
v 0.000000 12.686666 0.071311
v -0.027289 12.686666 0.065883
v -0.050424 12.686666 0.050425
v -0.065883 12.686666 0.027290
v -0.071311 12.686666 -0.000000
v -0.065883 12.686666 -0.027290
v -0.050424 12.686666 -0.050425
v -0.027289 12.686666 -0.065883
v 2.210918 2.505988 2.210918
v 0.852140 2.811744 0.852140
v 2.210918 3.378895 2.210918
v 0.852140 4.733346 0.852140
v -2.210918 2.505988 2.210918
v -0.852140 2.811744 0.852140
v -2.210918 3.378896 2.210918
v -0.852140 4.733346 0.852140
v 0.000000 2.267201 -1.246447
v 0.000000 10.346149 -1.246447
v 0.476995 2.267201 -1.151567
v 0.476995 10.346149 -1.151567
v 0.881371 2.267201 -0.881371
v 0.881371 10.346149 -0.881371
v 1.151567 2.267201 -0.476995
v 1.151567 10.346149 -0.476995
v 1.246447 2.267201 0.000000
v 1.246447 10.346149 0.000000
v 1.151567 2.267201 0.476995
v 1.151567 10.346149 0.476995
v 0.881371 2.267201 0.881371
v 0.881371 10.346149 0.881371
v 0.476995 2.267201 1.151567
v 0.476995 10.346149 1.151567
v 0.000000 2.267201 1.246447
v 0.000000 10.346149 1.246447
v -0.476994 2.267201 1.151567
v -0.476994 10.346149 1.151567
v -0.881371 2.267201 0.881372
v -0.881371 10.346149 0.881372
v -1.151567 2.267201 0.476995
v -1.151567 10.346149 0.476995
v -1.246447 2.267201 -0.000000
v -1.246447 10.346149 -0.000000
v -1.151567 2.267201 -0.476995
v -1.151567 10.346149 -0.476995
v -0.881371 2.267201 -0.881372
v -0.881371 10.346149 -0.881372
v -0.476994 2.267201 -1.151567
v -0.476994 10.346149 -1.151567
v 0.881371 10.346149 -0.881371
v 0.430331 11.176278 -1.038910
v 0.000000 11.176278 -1.124508
v 0.795147 11.176278 -0.795147
v 1.038910 11.176278 -0.430330
v 1.124508 11.176278 0.000000
v 1.038910 11.176278 0.430331
v 0.795147 11.176278 0.795147
v 0.430331 11.176278 1.038910
v 0.000000 11.176278 1.124508
v -0.430330 11.176278 1.038910
v -0.795147 11.176278 0.795147
v -1.038910 11.176278 0.430331
v -1.124508 11.176278 -0.000000
v -1.038910 11.176278 -0.430331
v -0.795147 11.176278 -0.795147
v -0.430330 11.176278 -1.038910
v 0.340952 11.855805 -0.823130
v 0.000000 11.855805 -0.890950
v 0.629997 11.855805 -0.629997
v 0.823130 11.855805 -0.340952
v 0.890950 11.855805 0.000000
v 0.823130 11.855805 0.340952
v 0.629997 11.855805 0.629997
v 0.340952 11.855805 0.823130
v 0.000000 11.855805 0.890950
v -0.340951 11.855805 0.823130
v -0.629996 11.855805 0.629997
v -0.823130 11.855805 0.340952
v -0.890950 11.855805 -0.000000
v -0.823130 11.855805 -0.340952
v -0.629996 11.855805 -0.629997
v -0.340951 11.855805 -0.823130
v 0.167864 12.515267 -0.405258
v 0.000000 12.515267 -0.438649
v 0.310171 12.515267 -0.310171
v 0.405258 12.515267 -0.167864
v 0.438649 12.515267 0.000000
v 0.405258 12.515267 0.167864
v 0.310171 12.515267 0.310171
v 0.167864 12.515267 0.405258
v 0.000000 12.515267 0.438648
v -0.167863 12.515267 0.405258
v -0.310171 12.515267 0.310171
v -0.405258 12.515267 0.167864
v -0.438648 12.515267 -0.000000
v -0.405258 12.515267 -0.167864
v -0.310171 12.515267 -0.310171
v -0.167863 12.515267 -0.405258
v 0.027290 12.686666 -0.065883
v 0.000000 12.686666 -0.071311
v 0.050425 12.686666 -0.050425
v 0.065883 12.686666 -0.027290
v 0.071311 12.686666 -0.000000
v 0.065883 12.686666 0.027290
v 0.050425 12.686666 0.050425
v 0.027290 12.686666 0.065883
v 0.000000 12.686666 0.071311
v -0.027289 12.686666 0.065883
v -0.050424 12.686666 0.050425
v -0.065883 12.686666 0.027290
v -0.071311 12.686666 -0.000000
v -0.065883 12.686666 -0.027290
v -0.050424 12.686666 -0.050425
v -0.027289 12.686666 -0.065883
v 2.210918 2.505988 2.210918
v 0.852140 2.811744 0.852140
v 2.210918 3.378895 2.210918
v 0.852140 4.733346 0.852140
v -2.210918 2.505988 2.210918
v -0.852140 2.811744 0.852140
v -2.210918 3.378896 2.210918
v -0.852140 4.733346 0.852140
vt 0.834043 0.857071
vt 0.971211 0.524184
vt 1.028743 0.562168
vt 0.793867 0.786482
vt 0.914502 0.488482
vt 0.757786 0.738132
vt 0.858503 0.456260
vt 0.721418 0.700391
vt 0.800372 0.427358
vt 0.685455 0.673096
vt 0.740393 0.403085
vt 0.649726 0.653194
vt 0.678545 0.384154
vt 0.613907 0.639538
vt 0.614964 0.371139
vt 0.577871 0.631529
vt 0.549977 0.364485
vt 0.541575 0.628906
vt 0.484034 0.364486
vt 0.505021 0.631646
vt 0.417643 0.371259
vt 0.468230 0.639932
vt 0.351309 0.384737
vt 0.431205 0.654167
vt 0.285460 0.404649
vt 0.393906 0.675050
vt 0.220382 0.430518
vt 0.354905 0.703707
vt 0.156146 0.461651
vt 0.639750 0.674150
vt 0.317761 0.741905
vt 0.092533 0.497151
vt 0.277810 0.792236
vt 0.029003 0.535948
vt 0.097149 0.210900
vt 0.012828 0.189930
vt 0.113922 0.105479
vt 0.758490 0.806554
vt 0.698819 0.776508
vt 0.731239 0.758098
vt 0.508665 0.653165
vt 0.475384 0.661462
vt 0.314092 0.814073
vt 0.757017 0.738777
vt 0.702030 0.721026
vt 0.541885 0.650350
vt 0.376859 0.724940
vt 0.607561 0.660682
vt 0.442202 0.675645
vt 0.233308 0.857635
vt 0.283068 0.884883
vt 0.671320 0.693870
vt 0.345104 0.763089
vt 0.574896 0.652843
vt 0.409295 0.696419
vt 0.570873 0.677515
vt 0.579540 0.732331
vt 0.561040 0.726977
vt 0.484234 0.686289
vt 0.677562 0.742205
vt 0.455924 0.700081
vt 0.653157 0.716504
vt 0.428580 0.720161
vt 0.626822 0.697731
vt 0.402843 0.747576
vt 0.599245 0.684916
vt 0.379712 0.784028
vt 0.360931 0.832499
vt 0.542043 0.675270
vt 0.720310 0.881396
vt 0.714817 0.821231
vt 0.350240 0.899173
vt 0.513059 0.678142
vt 0.472008 0.762042
vt 0.061479 0.985627
vt 0.459808 0.782422
vt 0.451688 0.838616
vt 0.542007 0.725676
vt 0.627367 0.854658
vt 0.635270 0.824047
vt 0.462131 0.874319
vt 0.522984 0.728425
vt 0.633399 0.796711
vt 0.504528 0.735293
vt 0.625064 0.773830
vt 0.487272 0.746426
vt 0.612417 0.755585
vt 0.596911 0.741817
vt 0.452230 0.807878
vt 0.007917 0.987827
vt 0.010022 0.991992
vt 0.006132 0.999688
vt 0.187665 0.984973
vt 0.041579 0.985667
vt 0.167235 0.985258
vt 0.020190 0.985548
vt 0.146413 0.985324
vt 0.332819 0.985729
vt 0.312520 0.985602
vt 0.000182 0.985441
vt 0.125179 0.985496
vt 0.270990 0.985994
vt 0.116530 0.984385
vt 0.249949 0.985453
vt 0.104557 0.985298
vt 0.228918 0.984647
vt 0.082475 0.985427
vt 0.208490 0.985126
vt 0.002995 0.191716
vt 0.123913 0.144542
vt 0.123425 0.224966
vt 0.003099 0.139300
vt 0.125547 0.190861
vt 0.001217 0.224390
vt 0.331507 0.830959
vt 0.311136 0.232112
vt 0.331507 0.231997
vt 0.312541 0.831217
vt 0.290342 0.231971
vt 0.291699 0.831300
vt 0.269548 0.231830
vt 0.271592 0.831159
vt 0.248753 0.231688
vt 0.250744 0.831159
vt 0.227959 0.231547
vt 0.229895 0.831159
vt 0.207165 0.231406
vt 0.209047 0.831159
vt 0.186370 0.231264
vt 0.188199 0.831159
vt 0.165576 0.231123
vt 0.167350 0.831159
vt 0.144781 0.230982
vt 0.146502 0.831159
vt 0.123987 0.230840
vt 0.125654 0.831159
vt 0.103193 0.230699
vt 0.104805 0.831159
vt 0.082398 0.230558
vt 0.083957 0.831159
vt 0.061604 0.230416
vt 0.063109 0.831159
vt 0.040810 0.230275
vt 0.229030 0.868964
vt 0.042260 0.831159
vt 0.020015 0.230134
vt 0.021412 0.831159
vt 0.002305 0.229992
vt 0.097149 0.210900
vt 0.012828 0.189930
vt 0.113922 0.105479
vt 0.312153 0.868964
vt 0.291197 0.905893
vt 0.291373 0.868964
vt 0.145907 0.868964
vt 0.125126 0.868964
vt 0.021222 0.868964
vt 0.291924 0.831143
vt 0.270592 0.868964
vt 0.166688 0.868964
vt 0.062784 0.868964
vt 0.208249 0.868964
vt 0.104346 0.868964
vt 0.002305 0.831159
vt 0.002305 0.868964
vt 0.249811 0.868964
vt 0.042003 0.868964
vt 0.187469 0.868964
vt 0.083565 0.868964
vt 0.187107 0.905893
vt 0.208154 0.960278
vt 0.187256 0.960278
vt 0.124653 0.905893
vt 0.270379 0.905893
vt 0.103835 0.905893
vt 0.249561 0.905893
vt 0.083017 0.905893
vt 0.228743 0.905893
vt 0.062199 0.905893
vt 0.207925 0.905893
vt 0.041381 0.905893
vt 0.020563 0.905893
vt 0.166289 0.905893
vt 0.331507 0.905522
vt 0.312015 0.905893
vt 0.002305 0.905893
vt 0.145471 0.905893
vt 0.082766 0.960278
vt 0.062192 0.985777
vt 0.061868 0.960278
vt 0.020073 0.960278
vt 0.166358 0.960278
vt 0.331507 0.959908
vt 0.312644 0.960278
vt 0.002305 0.960278
vt 0.145460 0.960278
vt 0.291746 0.960278
vt 0.124562 0.960278
vt 0.270848 0.960278
vt 0.103664 0.960278
vt 0.249950 0.960278
vt 0.229052 0.960278
vt 0.040971 0.960278
vt 0.007917 0.987827
vt 0.010022 0.991992
vt 0.006132 0.999688
vt 0.208242 0.985777
vt 0.041328 0.985777
vt 0.187378 0.985777
vt 0.020464 0.985777
vt 0.166513 0.985777
vt 0.331507 0.985407
vt 0.312563 0.985777
vt 0.002305 0.985777
vt 0.145649 0.985777
vt 0.291699 0.985777
vt 0.124785 0.985777
vt 0.270835 0.985777
vt 0.103921 0.985777
vt 0.249970 0.985777
vt 0.083056 0.985777
vt 0.229106 0.985777
vt 0.002995 0.191716
vt 0.123913 0.144542
vt 0.124389 0.200277
vt 0.003099 0.139300
vt 0.125547 0.190861
vt 0.002242 0.200779
vt 0.029601 0.084510
vt 0.051515 0.073161
vt 0.075235 0.073161
vt 0.097149 0.084510
vt 0.122999 0.132877
vt 0.122999 0.162532
vt 0.113922 0.189930
vt 0.075235 0.222248
vt 0.051515 0.222248
vt 0.029601 0.210900
vt 0.003751 0.162532
vt 0.003751 0.132877
vt 0.012828 0.105479
vt 0.782308 0.876722
vt 0.004200 0.999688
vt 0.000311 0.994546
vt 0.002416 0.998711
vt 0.001050 0.996905
vt 0.000311 0.991992
vt 0.004200 0.986850
vt 0.001050 0.989633
vt 0.002416 0.987827
vt 0.006132 0.986850
vt 0.009283 0.989633
vt 0.010022 0.994546
vt 0.009283 0.996905
vt 0.007917 0.998711
vt 0.001586 0.068904
vt 0.122835 0.067974
vt 0.029601 0.084510
vt 0.051515 0.073161
vt 0.075235 0.073161
vt 0.097149 0.084510
vt 0.122999 0.132877
vt 0.122999 0.162532
vt 0.113922 0.189930
vt 0.075235 0.222248
vt 0.051515 0.222248
vt 0.029601 0.210900
vt 0.003751 0.162532
vt 0.003751 0.132877
vt 0.012828 0.105479
vt 0.331507 0.868594
vt 0.004200 0.999688
vt 0.000311 0.994546
vt 0.002416 0.998711
vt 0.001050 0.996905
vt 0.000311 0.991992
vt 0.004200 0.986850
vt 0.001050 0.989633
vt 0.002416 0.987827
vt 0.006132 0.986850
vt 0.009283 0.989633
vt 0.010022 0.994546
vt 0.009283 0.996905
vt 0.007917 0.998711
vt 0.001586 0.068904
vt 0.122835 0.067974
usemtl missile_texture
s off
f 514/809/439 515/810/440 513/811/441
f 516/812/442 517/813/443 515/810/440
f 545/814/444 519/815/445 517/813/443
f 520/816/446 521/817/447 519/815/445
f 522/818/448 523/819/449 521/817/447
f 524/820/450 525/821/451 523/819/449
f 526/822/452 527/823/453 525/821/451
f 528/824/454 529/825/455 527/823/453
f 530/826/456 531/827/457 529/825/455
f 532/828/458 533/829/459 531/827/457
f 534/830/460 535/831/461 533/829/459
f 536/832/462 537/833/463 535/831/461
f 538/834/464 539/835/465 537/833/463
f 540/836/466 541/837/467 539/835/465
f 522/818/448 551/838/468 524/820/450
f 542/839/469 543/840/470 541/837/467
f 544/841/471 513/842/441 543/840/470
f 527/843/30 535/844/30 519/845/30
f 546/846/472 564/847/473 548/848/474
f 534/830/460 555/849/475 556/850/476
f 542/839/469 561/851/477 544/841/471
f 518/852/478 549/853/479 520/816/446
f 528/824/454 554/854/480 530/826/456
f 514/809/439 546/846/472 516/812/442
f 538/834/464 559/855/481 540/836/466
f 524/820/450 552/856/482 526/822/452
f 534/830/460 557/857/483 536/832/462
f 514/858/439 561/851/477 547/859/484
f 522/818/448 549/853/479 550/860/485
f 532/828/458 554/854/480 555/849/475
f 540/836/466 560/861/486 542/839/469
f 518/852/478 546/846/472 548/848/474
f 526/822/452 553/862/487 528/824/454
f 538/834/464 557/857/483 558/863/488
f 569/864/489 584/865/490 585/866/491
f 555/849/475 572/867/492 556/850/476
f 549/853/479 564/847/473 565/868/493
f 556/850/476 573/869/494 557/857/483
f 549/853/479 566/870/495 550/860/485
f 558/863/488 573/869/494 574/871/496
f 551/838/468 566/870/495 567/872/497
f 559/855/481 574/871/496 575/873/498
f 551/838/468 568/874/499 552/856/482
f 560/861/486 575/873/498 576/875/500
f 552/856/482 569/864/489 553/862/487
f 561/851/477 576/875/500 577/876/501
f 553/862/487 570/877/502 554/854/480
f 546/846/472 563/878/503 562/879/504
f 561/851/477 563/880/503 547/859/484
f 554/854/480 571/881/505 555/849/475
f 590/882/506 607/883/507 591/884/508
f 576/875/500 593/885/509 577/876/501
f 570/877/502 585/866/491 586/886/510
f 562/879/504 579/887/511 578/888/512
f 577/876/501 579/889/511 563/880/503
f 570/877/502 587/890/513 571/881/505
f 562/879/504 580/891/514 564/847/473
f 571/881/505 588/892/515 572/867/492
f 565/868/493 580/891/514 581/893/516
f 572/867/492 589/894/517 573/869/494
f 565/868/493 582/895/518 566/870/495
f 574/871/496 589/894/517 590/882/506
f 566/870/495 583/896/519 567/872/497
f 574/871/496 591/884/508 575/873/498
f 567/872/497 584/865/490 568/874/499
f 575/873/498 592/897/520 576/875/500
f 602/898/521 600/899/522 596/900/523
f 583/896/519 600/901/522 584/865/490
f 591/884/508 608/902/524 592/897/520
f 584/865/490 601/903/525 585/866/491
f 593/885/509 608/902/524 609/904/526
f 585/866/491 602/905/521 586/886/510
f 578/888/512 595/906/527 594/907/528
f 579/889/511 609/904/526 595/908/527
f 586/886/510 603/909/529 587/890/513
f 578/888/512 596/910/523 580/891/514
f 587/890/513 604/911/530 588/892/515
f 580/891/514 597/912/531 581/893/516
f 589/894/517 604/911/530 605/913/532
f 581/893/516 598/914/533 582/895/518
f 589/894/517 606/915/534 590/882/506
f 583/896/519 598/914/533 599/916/535
f 611/917/536 612/918/536 610/919/536
f 616/920/537 615/921/537 614/922/537
f 619/923/439 620/924/440 618/925/441
f 621/926/442 622/927/443 620/924/440
f 650/928/444 624/929/445 622/927/443
f 625/930/446 626/931/447 624/929/445
f 627/932/448 628/933/449 626/931/447
f 629/934/450 630/935/451 628/933/449
f 631/936/452 632/937/453 630/935/451
f 633/938/454 634/939/455 632/937/453
f 635/940/456 636/941/457 634/939/455
f 637/942/458 638/943/459 636/941/457
f 639/944/460 640/945/461 638/943/459
f 641/946/462 642/947/463 640/945/461
f 643/948/464 644/949/465 642/947/463
f 645/950/466 646/951/467 644/949/465
f 627/932/448 656/952/468 629/934/450
f 647/953/469 648/954/470 646/951/467
f 649/955/471 618/956/441 648/954/470
f 632/957/30 640/958/30 624/959/30
f 651/960/472 669/961/473 653/962/474
f 639/944/460 660/963/475 661/964/476
f 647/953/469 666/965/477 649/955/471
f 623/966/478 654/967/479 625/930/446
f 633/938/454 659/968/480 635/940/456
f 619/923/439 651/960/472 621/926/442
f 643/948/464 664/969/481 645/950/466
f 629/934/450 657/970/482 631/936/452
f 639/944/460 662/971/483 641/946/462
f 619/972/439 666/965/477 652/973/484
f 627/932/448 654/967/479 655/974/485
f 637/942/458 659/968/480 660/963/475
f 645/950/466 665/975/486 647/953/469
f 623/966/478 651/960/472 653/962/474
f 631/936/452 658/976/487 633/938/454
f 643/948/464 662/971/483 663/977/488
f 674/978/489 689/979/490 690/980/491
f 660/963/475 677/981/492 661/964/476
f 654/967/479 669/961/473 670/982/493
f 661/964/476 678/983/494 662/971/483
f 654/967/479 671/984/495 655/974/485
f 663/977/488 678/983/494 679/985/496
f 656/952/468 671/984/495 672/986/497
f 664/969/481 679/985/496 680/987/498
f 656/952/468 673/988/499 657/970/482
f 665/975/486 680/987/498 681/989/500
f 657/970/482 674/978/489 658/976/487
f 666/965/477 681/989/500 682/990/501
f 658/976/487 675/991/502 659/968/480
f 651/960/472 668/992/503 667/993/504
f 666/965/477 668/994/503 652/973/484
f 659/968/480 676/995/505 660/963/475
f 695/996/506 712/997/507 696/998/508
f 681/989/500 698/999/509 682/990/501
f 675/991/502 690/980/491 691/1000/510
f 667/993/504 684/1001/511 683/1002/512
f 682/990/501 684/1003/511 668/994/503
f 675/991/502 692/1004/513 676/995/505
f 667/993/504 685/1005/514 669/961/473
f 676/995/505 693/1006/515 677/981/492
f 670/982/493 685/1005/514 686/1007/516
f 677/981/492 694/1008/517 678/983/494
f 670/982/493 687/1009/518 671/984/495
f 679/985/496 694/1008/517 695/996/506
f 671/984/495 688/1010/519 672/986/497
f 679/985/496 696/998/508 680/987/498
f 672/986/497 689/979/490 673/988/499
f 680/987/498 697/1011/520 681/989/500
f 707/1012/521 705/1013/522 701/1014/523
f 688/1010/519 705/1015/522 689/979/490
f 696/998/508 713/1016/524 697/1011/520
f 689/979/490 706/1017/525 690/980/491
f 698/999/509 713/1016/524 714/1018/526
f 690/980/491 707/1019/521 691/1000/510
f 683/1002/512 700/1020/527 699/1021/528
f 684/1003/511 714/1018/526 700/1022/527
f 691/1000/510 708/1023/529 692/1004/513
f 683/1002/512 701/1024/523 685/1005/514
f 692/1004/513 709/1025/530 693/1006/515
f 685/1005/514 702/1026/531 686/1007/516
f 694/1008/517 709/1025/530 710/1027/532
f 686/1007/516 703/1028/533 687/1009/518
f 694/1008/517 711/1029/534 695/996/506
f 688/1010/519 703/1028/533 704/1030/535
f 716/1031/536 717/1032/536 715/1033/536
f 721/1034/537 720/1035/537 719/1036/537
f 514/809/439 516/812/442 515/810/440
f 516/812/442 545/814/444 517/813/443
f 545/814/444 520/816/446 519/815/445
f 520/816/446 522/818/448 521/817/447
f 522/818/448 524/820/450 523/819/449
f 524/820/450 526/822/452 525/821/451
f 526/822/452 528/824/454 527/823/453
f 528/824/454 530/826/456 529/825/455
f 530/826/456 532/828/458 531/827/457
f 532/828/458 534/830/460 533/829/459
f 534/830/460 536/832/462 535/831/461
f 536/832/462 538/834/464 537/833/463
f 538/834/464 540/836/466 539/835/465
f 540/836/466 542/839/469 541/837/467
f 522/818/448 550/860/485 551/838/468
f 542/839/469 544/841/471 543/840/470
f 544/841/471 514/858/439 513/842/441
f 543/1037/30 513/1038/30 515/1039/30
f 515/1039/30 517/1040/30 543/1037/30
f 519/845/30 521/1041/30 523/1042/30
f 523/1042/30 525/1043/30 519/845/30
f 527/843/30 529/1044/30 535/844/30
f 531/1045/30 533/1046/30 535/844/30
f 535/844/30 537/1047/30 539/1048/30
f 539/1048/30 541/1049/30 543/1037/30
f 543/1037/30 517/1040/30 519/845/30
f 519/845/30 525/1043/30 527/843/30
f 529/1044/30 531/1045/30 535/844/30
f 535/844/30 539/1048/30 543/1037/30
f 543/1037/30 519/845/30 535/844/30
f 546/846/472 562/879/504 564/847/473
f 534/830/460 532/828/458 555/849/475
f 542/839/469 560/861/486 561/851/477
f 518/852/478 548/848/474 549/853/479
f 528/824/454 553/862/487 554/854/480
f 514/809/439 547/1050/484 546/846/472
f 538/834/464 558/863/488 559/855/481
f 524/820/450 551/838/468 552/856/482
f 534/830/460 556/850/476 557/857/483
f 514/858/439 544/841/471 561/851/477
f 522/818/448 520/816/446 549/853/479
f 532/828/458 530/826/456 554/854/480
f 540/836/466 559/855/481 560/861/486
f 518/852/478 516/812/442 546/846/472
f 526/822/452 552/856/482 553/862/487
f 538/834/464 536/832/462 557/857/483
f 569/864/489 568/874/499 584/865/490
f 555/849/475 571/881/505 572/867/492
f 549/853/479 548/848/474 564/847/473
f 556/850/476 572/867/492 573/869/494
f 549/853/479 565/868/493 566/870/495
f 558/863/488 557/857/483 573/869/494
f 551/838/468 550/860/485 566/870/495
f 559/855/481 558/863/488 574/871/496
f 551/838/468 567/872/497 568/874/499
f 560/861/486 559/855/481 575/873/498
f 552/856/482 568/874/499 569/864/489
f 561/851/477 560/861/486 576/875/500
f 553/862/487 569/864/489 570/877/502
f 546/846/472 547/1050/484 563/878/503
f 561/851/477 577/876/501 563/880/503
f 554/854/480 570/877/502 571/881/505
f 590/882/506 606/915/534 607/883/507
f 576/875/500 592/897/520 593/885/509
f 570/877/502 569/864/489 585/866/491
f 562/879/504 563/878/503 579/887/511
f 577/876/501 593/885/509 579/889/511
f 570/877/502 586/886/510 587/890/513
f 562/879/504 578/888/512 580/891/514
f 571/881/505 587/890/513 588/892/515
f 565/868/493 564/847/473 580/891/514
f 572/867/492 588/892/515 589/894/517
f 565/868/493 581/893/516 582/895/518
f 574/871/496 573/869/494 589/894/517
f 566/870/495 582/895/518 583/896/519
f 574/871/496 590/882/506 591/884/508
f 567/872/497 583/896/519 584/865/490
f 575/873/498 591/884/508 592/897/520
f 596/900/523 594/1051/528 608/1052/524
f 595/1053/527 609/1054/526 608/1052/524
f 608/1052/524 607/1055/507 604/1056/530
f 606/1057/534 605/1058/532 604/1056/530
f 604/1056/530 603/1059/529 602/898/521
f 602/898/521 601/1060/525 600/899/522
f 600/899/522 599/1061/535 598/1062/533
f 598/1062/533 597/1063/531 596/900/523
f 594/1051/528 595/1053/527 608/1052/524
f 607/1055/507 606/1057/534 604/1056/530
f 604/1056/530 602/898/521 596/900/523
f 600/899/522 598/1062/533 596/900/523
f 596/900/523 608/1052/524 604/1056/530
f 583/896/519 599/916/535 600/901/522
f 591/884/508 607/883/507 608/902/524
f 584/865/490 600/901/522 601/903/525
f 593/885/509 592/897/520 608/902/524
f 585/866/491 601/903/525 602/905/521
f 578/888/512 579/887/511 595/906/527
f 579/889/511 593/885/509 609/904/526
f 586/886/510 602/905/521 603/909/529
f 578/888/512 594/907/528 596/910/523
f 587/890/513 603/909/529 604/911/530
f 580/891/514 596/910/523 597/912/531
f 589/894/517 588/892/515 604/911/530
f 581/893/516 597/912/531 598/914/533
f 589/894/517 605/913/532 606/915/534
f 583/896/519 582/895/518 598/914/533
f 611/917/536 613/1064/536 612/918/536
f 616/920/537 617/1065/537 615/921/537
f 619/923/439 621/926/442 620/924/440
f 621/926/442 650/928/444 622/927/443
f 650/928/444 625/930/446 624/929/445
f 625/930/446 627/932/448 626/931/447
f 627/932/448 629/934/450 628/933/449
f 629/934/450 631/936/452 630/935/451
f 631/936/452 633/938/454 632/937/453
f 633/938/454 635/940/456 634/939/455
f 635/940/456 637/942/458 636/941/457
f 637/942/458 639/944/460 638/943/459
f 639/944/460 641/946/462 640/945/461
f 641/946/462 643/948/464 642/947/463
f 643/948/464 645/950/466 644/949/465
f 645/950/466 647/953/469 646/951/467
f 627/932/448 655/974/485 656/952/468
f 647/953/469 649/955/471 648/954/470
f 649/955/471 619/972/439 618/956/441
f 648/1066/30 618/1067/30 620/1068/30
f 620/1068/30 622/1069/30 648/1066/30
f 624/959/30 626/1070/30 628/1071/30
f 628/1071/30 630/1072/30 624/959/30
f 632/957/30 634/1073/30 640/958/30
f 636/1074/30 638/1075/30 640/958/30
f 640/958/30 642/1076/30 644/1077/30
f 644/1077/30 646/1078/30 648/1066/30
f 648/1066/30 622/1069/30 624/959/30
f 624/959/30 630/1072/30 632/957/30
f 634/1073/30 636/1074/30 640/958/30
f 640/958/30 644/1077/30 648/1066/30
f 648/1066/30 624/959/30 640/958/30
f 651/960/472 667/993/504 669/961/473
f 639/944/460 637/942/458 660/963/475
f 647/953/469 665/975/486 666/965/477
f 623/966/478 653/962/474 654/967/479
f 633/938/454 658/976/487 659/968/480
f 619/923/439 652/1079/484 651/960/472
f 643/948/464 663/977/488 664/969/481
f 629/934/450 656/952/468 657/970/482
f 639/944/460 661/964/476 662/971/483
f 619/972/439 649/955/471 666/965/477
f 627/932/448 625/930/446 654/967/479
f 637/942/458 635/940/456 659/968/480
f 645/950/466 664/969/481 665/975/486
f 623/966/478 621/926/442 651/960/472
f 631/936/452 657/970/482 658/976/487
f 643/948/464 641/946/462 662/971/483
f 674/978/489 673/988/499 689/979/490
f 660/963/475 676/995/505 677/981/492
f 654/967/479 653/962/474 669/961/473
f 661/964/476 677/981/492 678/983/494
f 654/967/479 670/982/493 671/984/495
f 663/977/488 662/971/483 678/983/494
f 656/952/468 655/974/485 671/984/495
f 664/969/481 663/977/488 679/985/496
f 656/952/468 672/986/497 673/988/499
f 665/975/486 664/969/481 680/987/498
f 657/970/482 673/988/499 674/978/489
f 666/965/477 665/975/486 681/989/500
f 658/976/487 674/978/489 675/991/502
f 651/960/472 652/1079/484 668/992/503
f 666/965/477 682/990/501 668/994/503
f 659/968/480 675/991/502 676/995/505
f 695/996/506 711/1029/534 712/997/507
f 681/989/500 697/1011/520 698/999/509
f 675/991/502 674/978/489 690/980/491
f 667/993/504 668/992/503 684/1001/511
f 682/990/501 698/999/509 684/1003/511
f 675/991/502 691/1000/510 692/1004/513
f 667/993/504 683/1002/512 685/1005/514
f 676/995/505 692/1004/513 693/1006/515
f 670/982/493 669/961/473 685/1005/514
f 677/981/492 693/1006/515 694/1008/517
f 670/982/493 686/1007/516 687/1009/518
f 679/985/496 678/983/494 694/1008/517
f 671/984/495 687/1009/518 688/1010/519
f 679/985/496 695/996/506 696/998/508
f 672/986/497 688/1010/519 689/979/490
f 680/987/498 696/998/508 697/1011/520
f 701/1014/523 699/1080/528 713/1081/524
f 700/1082/527 714/1083/526 713/1081/524
f 713/1081/524 712/1084/507 709/1085/530
f 711/1086/534 710/1087/532 709/1085/530
f 709/1085/530 708/1088/529 707/1012/521
f 707/1012/521 706/1089/525 705/1013/522
f 705/1013/522 704/1090/535 703/1091/533
f 703/1091/533 702/1092/531 701/1014/523
f 699/1080/528 700/1082/527 713/1081/524
f 712/1084/507 711/1086/534 709/1085/530
f 709/1085/530 707/1012/521 701/1014/523
f 705/1013/522 703/1091/533 701/1014/523
f 701/1014/523 713/1081/524 709/1085/530
f 688/1010/519 704/1030/535 705/1015/522
f 696/998/508 712/997/507 713/1016/524
f 689/979/490 705/1015/522 706/1017/525
f 698/999/509 697/1011/520 713/1016/524
f 690/980/491 706/1017/525 707/1019/521
f 683/1002/512 684/1001/511 700/1020/527
f 684/1003/511 698/999/509 714/1018/526
f 691/1000/510 707/1019/521 708/1023/529
f 683/1002/512 699/1021/528 701/1024/523
f 692/1004/513 708/1023/529 709/1025/530
f 685/1005/514 701/1024/523 702/1026/531
f 694/1008/517 693/1006/515 709/1025/530
f 686/1007/516 702/1026/531 703/1028/533
f 694/1008/517 710/1027/532 711/1029/534
f 688/1010/519 687/1009/518 703/1028/533
f 716/1031/536 718/1093/536 717/1032/536
f 721/1034/537 722/1094/537 720/1035/537

